NGenes	Up	Down	Mixed	FDR.Down	FDR.Up
let-7/98/4458/4500	90	9.99900009999e-05	1	9.99900009999e-05	1	0.0718928107189281
miR-17/17-5p/20ab/20b-5p/93/106ab/427/518a-3p/519d	42	0.0001999800019998	0.999900009999	0.0015998400159984	1	0.0718928107189281
miR-29abcd	87	0.0004999500049995	0.999600039996	0.0073992600739926	1	0.107839216078392
REACTOME_PRE_NOTCH_TRANSCRIPTION_AND_TRANSLATION	27	0.0007999200079992	0.999300069993001	0.0266973302669733	1	0.107839216078392
miR-101/101ab	26	0.0007999200079992	0.999300069993001	0.0368963103689631	1	0.107839216078392
miR-15abc/16/16abc/195/322/424/497/1907	51	0.0008999100089991	0.999200079992001	0.0031996800319968	1	0.107839216078392
REACTOME_NOTCH_HLH_TRANSCRIPTION_PATHWAY	12	0.0011998800119988	0.998900109989001	0.0902909709029097	1	0.123244818375305
miR-128/128ab	22	0.0018998100189981	0.998200179982002	0.0181981801819818	1	0.170745425457454
REACTOME_NCAM_SIGNALING_FOR_NEURITE_OUT_GROWTH	59	0.0021997800219978	0.997900209979002	0.17958204179582	1	0.17573798175738
REACTOME_SIGNALING_BY_BMP	21	0.0024997500249975	0.997600239976002	0.0296970302969703	1	0.176464171764642
REACTOME_SIGNALING_BY_FGFR3_MUTANTS	5	0.0026997300269973	0.997400259974003	0.0831916808319168	1	0.176464171764642
miR-153	23	0.002999700029997	0.997100289971003	0.322367763223678	1	0.17973202679732
miR-26ab/1297/4465	17	0.0033996600339966	0.996700329967003	0.0004999500049995	1	0.184867227562958
REACTOME_ACTIVATION_OF_THE_AP1_FAMILY_OF_TRANSCRIPTION_FACTORS	10	0.0035996400359964	0.996500349965003	0.233376662333767	1	0.184867227562958
REACTOME_SIGNAL_ATTENUATION	11	0.0042995700429957	0.995800419958004	0.263773622637736	1	0.189535591895356
REACTOME_DOWNSTREAM_SIGNALING_OF_ACTIVATED_FGFR	84	0.0042995700429957	0.995800419958004	0.343665633436656	1	0.189535591895356
REACTOME_SIGNALING_BY_FGFR	95	0.0051994800519948	0.994900509949005	0.319268073192681	1	0.189535591895356
REACTOME_AXON_GUIDANCE	221	0.0053994600539946	0.994700529947005	0.0117988201179882	1	0.189535591895356
miR-142-3p	10	0.0053994600539946	0.994700529947005	0.0467953204679532	1	0.189535591895356
REACTOME_SIGNALING_BY_PDGF	113	0.0053994600539946	0.994700529947005	0.193180681931807	1	0.189535591895356
REACTOME_DEVELOPMENTAL_BIOLOGY	341	0.0057994200579942	0.994300569943006	0.0047995200479952	1	0.189535591895356
REACTOME_ACTIVATION_OF_NMDA_RECEPTOR_UPON_GLUTAMATE_BINDING_AND_POSTSYNAPTIC_EVENTS	32	0.0057994200579942	0.994300569943006	0.557044295570443	1	0.189535591895356
REACTOME_SHC_RELATED_EVENTS	15	0.0070992900709929	0.993000699930007	0.472152784721528	1	0.221929980914952
REACTOME_SEMA3A_PAK_DEPENDENT_AXON_REPULSION	14	0.007999200079992	0.992100789921008	0.0398960103989601	1	0.238684131586841
REACTOME_POST_NMDA_RECEPTOR_ACTIVATION_EVENTS	30	0.0082991700829917	0.991800819918008	0.57014298570143	1	0.238684131586841
REACTOME_SIGNALING_BY_FGFR_IN_DISEASE	109	0.0092990700929907	0.990800919908009	0.211978802119788	1	0.257155053725397
REACTOME_FGFR4_LIGAND_BINDING_AND_ACTIVATION	5	0.00999900009999	0.99010098990101	0.182181781821818	1	0.261895239047524
REACTOME_INSULIN_RECEPTOR_SIGNALLING_CASCADE	70	0.0101989801019898	0.98990100989901	0.120687931206879	1	0.261895239047524
miR-182	9	0.0105989401059894	0.989501049895011	0.345965403459654	1	0.262780618489875
REACTOME_PROLONGED_ERK_ACTIVATION_EVENTS	18	0.0113988601139886	0.988701129887011	0.354464553544646	1	0.26360697263607
miR-135ab/135a-5p	13	0.0120987901209879	0.988001199880012	0.32966703329667	1	0.26360697263607
miR-125a-5p/125b-5p/351/670/4319	81	0.0122987701229877	0.987801219878012	0.148685131486851	1	0.26360697263607
REACTOME_DOWNREGULATION_OF_TGF_BETA_RECEPTOR_SIGNALING	21	0.0125987401259874	0.987501249875013	0.0558944105589441	1	0.26360697263607
REACTOME_FACTORS_INVOLVED_IN_MEGAKARYOCYTE_DEVELOPMENT_AND_PLATELET_PRODUCTION	105	0.0126987301269873	0.987501249875013	0.0205979402059794	1	0.26360697263607
REACTOME_TGF_BETA_RECEPTOR_SIGNALING_ACTIVATES_SMADS	24	0.0130986901309869	0.987101289871013	0.0212978702129787	1	0.26360697263607
miR-1ab/206/613	8	0.0136986301369863	0.986401359864014	0.0067993200679932	1	0.26360697263607
miR-144	4	0.0138986101389861	0.986201379862014	0.297470252974703	1	0.26360697263607
REACTOME_SIGNALLING_TO_ERKS	33	0.0148985101489851	0.985201479852015	0.497250274972503	1	0.26360697263607
REACTOME_SHC_MEDIATED_CASCADE	17	0.0160983901609839	0.984001599840016	0.214378562143786	1	0.26360697263607
REACTOME_FRS2_MEDIATED_CASCADE	25	0.0161983801619838	0.983901609839016	0.311368863113689	1	0.26360697263607
REACTOME_NOTCH1_INTRACELLULAR_DOMAIN_REGULATES_TRANSCRIPTION	44	0.0161983801619838	0.983901609839016	0.395460453954605	1	0.26360697263607
REACTOME_SIGNALLING_TO_P38_VIA_RIT_AND_RIN	13	0.0162983701629837	0.983801619838016	0.437756224377562	1	0.26360697263607
REACTOME_PRE_NOTCH_EXPRESSION_AND_PROCESSING	42	0.0163983601639836	0.983701629837016	0.0513948605139486	1	0.26360697263607
REACTOME_SIGNALLING_BY_NGF	205	0.0163983601639836	0.983701629837016	0.352064793520648	1	0.26360697263607
REACTOME_SIGNALING_BY_NOTCH	98	0.0164983501649835	0.983601639836016	0.234576542345765	1	0.26360697263607
REACTOME_KINESINS	23	0.0177982201779822	0.982301769823018	0.193280671932807	1	0.275589107755891
REACTOME_PI_3K_CASCADE	43	0.0186981301869813	0.981401859814019	0.129287071292871	1	0.275589107755891
REACTOME_SIGNALING_BY_TGF_BETA_RECEPTOR_COMPLEX	60	0.0192980701929807	0.980801919808019	0.168983101689831	1	0.275589107755891
REACTOME_PHOSPHOLIPASE_C_MEDIATED_CASCADE	40	0.0193980601939806	0.980701929807019	0.254874512548745	1	0.275589107755891
REACTOME_SIGNALING_BY_ACTIVATED_POINT_MUTANTS_OF_FGFR1	4	0.0197980201979802	0.98030196980302	0.132886711328867	1	0.275589107755891
REACTOME_FGFR1_LIGAND_BINDING_AND_ACTIVATION	4	0.0197980201979802	0.98030196980302	0.132886711328867	1	0.275589107755891
REACTOME_CRMPS_IN_SEMA3A_SIGNALING	13	0.01999800019998	0.98010198980102	0.0332966703329667	1	0.275589107755891
REACTOME_SHC_MEDIATED_SIGNALLING	14	0.0211978802119788	0.978902109789021	0.598040195980402	1	0.275589107755891
miR-9/9ab	15	0.0217978202179782	0.978302169783022	0.51994800519948	1	0.275589107755891
REACTOME_SIGNALING_BY_NOTCH1	66	0.0218978102189781	0.978202179782022	0.553944605539446	1	0.275589107755891
REACTOME_MYOGENESIS	24	0.0220977902209779	0.978002199780022	0.0813918608139186	1	0.275589107755891
REACTOME_NRAGE_SIGNALS_DEATH_THROUGH_JNK	42	0.0224977502249775	0.977602239776022	0.0670932906709329	1	0.275589107755891
REACTOME_G_ALPHA1213_SIGNALLING_EVENTS	68	0.0227977202279772	0.977302269773023	0.192580741925807	1	0.275589107755891
miR-138/138ab	43	0.022997700229977	0.977102289771023	0.471652834716528	1	0.275589107755891
REACTOME_CREB_PHOSPHORYLATION_THROUGH_THE_ACTIVATION_OF_RAS	25	0.022997700229977	0.977102289771023	0.596740325967403	1	0.275589107755891
REACTOME_SIGNALING_BY_ERBB2	92	0.0250974902509749	0.975002499750025	0.640735926407359	1	0.287571242875712
miR-96/507/1271	55	0.0258974102589741	0.974202579742026	0.817418258174183	1	0.287571242875712
REACTOME_SIGNALING_BY_FGFR_MUTANTS	33	0.0263973602639736	0.973702629737026	0.057994200579942	1	0.287571242875712
REACTOME_ARMS_MEDIATED_ACTIVATION	16	0.0264973502649735	0.973602639736026	0.390660933906609	1	0.287571242875712
REACTOME_RECEPTOR_LIGAND_BINDING_INITIATES_THE_SECOND_PROTEOLYTIC_CLEAVAGE_OF_NOTCH_RECEPTOR	11	0.0267973202679732	0.973302669733027	0.0022997700229977	1	0.287571242875712
REACTOME_VEGF_LIGAND_RECEPTOR_INTERACTIONS	10	0.0267973202679732	0.973302669733027	0.0044995500449955	1	0.287571242875712
REACTOME_SOS_MEDIATED_SIGNALLING	14	0.026997300269973	0.973102689731027	0.508149185081492	1	0.287571242875712
REACTOME_NEUROTRANSMITTER_RECEPTOR_BINDING_AND_DOWNSTREAM_TRANSMISSION_IN_THE_POSTSYNAPTIC_CELL	103	0.0271972802719728	0.972902709729027	0.735826417358264	1	0.287571242875712
REACTOME_NETRIN1_SIGNALING	33	0.0281971802819718	0.971902809719028	0.0390960903909609	1	0.287571242875712
REACTOME_OPIOID_SIGNALLING	69	0.0285971402859714	0.971502849715029	0.758524147585241	1	0.287571242875712
REACTOME_SIGNALING_BY_RHO_GTPASES	110	0.0287971202879712	0.971302869713029	0.248075192480752	1	0.287571242875712
REACTOME_DOWNSTREAM_SIGNAL_TRANSDUCTION	88	0.0287971202879712	0.971302869713029	0.49005099490051	1	0.287571242875712
REACTOME_GABA_RECEPTOR_ACTIVATION	37	0.030996900309969	0.969103089691031	0.297970202979702	1	0.305298237299558
REACTOME_BMAL1_CLOCK_NPAS2_ACTIVATES_CIRCADIAN_EXPRESSION	35	0.0323967603239676	0.967703229677032	0.365163483651635	1	0.313112109841647
REACTOME_GLUCAGON_SIGNALING_IN_METABOLIC_REGULATION	28	0.0328967103289671	0.967203279672033	0.325367463253675	1	0.313112109841647
REACTOME_SIGNALING_BY_ROBO_RECEPTOR	26	0.0330966903309669	0.967003299670033	0.0470952904709529	1	0.313112109841647
REACTOME_GLUTAMATE_NEUROTRANSMITTER_RELEASE_CYCLE	13	0.0343965603439656	0.965703429657034	0.214078592140786	1	0.321183466068978
REACTOME_MAPK_TARGETS_NUCLEAR_EVENTS_MEDIATED_BY_MAP_KINASES	30	0.0354964503549645	0.964603539646035	0.687531246875312	1	0.327204459041275
REACTOME_NGF_SIGNALLING_VIA_TRKA_FROM_THE_PLASMA_MEMBRANE	128	0.0361963803619638	0.963903609639036	0.599240075992401	1	0.329432879496861
REACTOME_CA_DEPENDENT_EVENTS	27	0.0390960903909609	0.961003899610039	0.487651234876512	1	0.342307814673078
REACTOME_MAP_KINASE_ACTIVATION_IN_TLR_CASCADE	49	0.0394960503949605	0.960603939606039	0.684731526847315	1	0.342307814673078
REACTOME_ADHERENS_JUNCTIONS_INTERACTIONS	21	0.0396960303969603	0.96040395960404	0.608339166083392	1	0.342307814673078
REACTOME_GLUCOSE_TRANSPORT	33	0.03999600039996	0.96010398960104	0.0445955404459554	1	0.342307814673078
REACTOME_YAP1_AND_WWTR1_TAZ_STIMULATED_GENE_EXPRESSION	23	0.0402959704029597	0.95980401959804	0.481351864813519	1	0.342307814673078
REACTOME_TRANSMISSION_ACROSS_CHEMICAL_SYNAPSES	142	0.0404959504049595	0.95960403959604	0.591640835916408	1	0.342307814673078
REACTOME_JNK_C_JUN_KINASES_PHOSPHORYLATION_AND_ACTIVATION_MEDIATED_BY_ACTIVATED_HUMAN_TAK1	16	0.0414958504149585	0.958604139586041	0.215678432156784	1	0.342307814673078
REACTOME_P75_NTR_RECEPTOR_MEDIATED_SIGNALLING	77	0.0415958404159584	0.958504149585041	0.172182781721828	1	0.342307814673078
REACTOME_CIRCADIAN_CLOCK	51	0.0418958104189581	0.958204179582042	0.29007099290071	1	0.342307814673078
REACTOME_APOPTOTIC_EXECUTION_PHASE	47	0.0428957104289571	0.957204279572043	0.342665733426657	1	0.346539503353036
REACTOME_TRANSPORT_OF_RIBONUCLEOPROTEINS_INTO_THE_HOST_NUCLEUS	27	0.0440955904409559	0.956104389561044	0.163583641635836	1	0.352274772522748
REACTOME_DAG_AND_IP3_SIGNALING	29	0.0457954204579542	0.954304569543046	0.552944705529447	1	0.35347298603473
REACTOME_CIRCADIAN_REPRESSION_OF_EXPRESSION_BY_REV_ERBA	23	0.045995400459954	0.954204579542046	0.416658334166583	1	0.35347298603473
REACTOME_TRANSCRIPTIONAL_ACTIVITY_OF_SMAD2_SMAD3_SMAD4_HETEROTRIMER	36	0.0466953304669533	0.953404659534047	0.0728927107289271	1	0.35347298603473
REACTOME_NEP_NS2_INTERACTS_WITH_THE_CELLULAR_EXPORT_MACHINERY	27	0.0466953304669533	0.953404659534047	0.175182481751825	1	0.35347298603473
miR-181abcd/4262	7	0.046995300469953	0.953104689531047	0.570742925707429	1	0.35347298603473
REACTOME_SIGNALLING_TO_RAS	25	0.0471952804719528	0.952904709529047	0.667833216678332	1	0.35347298603473
REACTOME_REGULATION_OF_GLUCOKINASE_BY_GLUCOKINASE_REGULATORY_PROTEIN	25	0.0480951904809519	0.952004799520048	0.179182081791821	1	0.356499401606231
REACTOME_L1CAM_INTERACTIONS	79	0.0494950504949505	0.950604939506049	0.309069093090691	1	0.361620837916208
REACTOME_SIGNALING_BY_NODAL	16	0.0497950204979502	0.95030496950305	0.0558944105589441	1	0.361620837916208
miR-145	14	0.0502949705029497	0.94980501949805	0.26957304269573	1	0.361620837916208
REACTOME_COLLAGEN_FORMATION	54	0.0517948205179482	0.948305169483052	0.53994600539946	1	0.365807536893369
REACTOME_NCAM1_INTERACTIONS	34	0.0518948105189481	0.948205179482052	0.149285071492851	1	0.365807536893369
REACTOME_SIGNALING_BY_EGFR_IN_CANCER	103	0.0532946705329467	0.946805319468053	0.232576742325767	1	0.36914193196065
miR-93/93a/105/106a/291a-3p/294/295/302abcde/372/373/428/519a/520be/520acd-3p/1378/1420ac	10	0.0533946605339466	0.946705329467053	0.172182781721828	1	0.36914193196065
REACTOME_PKA_MEDIATED_PHOSPHORYLATION_OF_CREB	15	0.0556944305569443	0.944405559444056	0.0811918808119188	1	0.381374243528028
REACTOME_GABA_B_RECEPTOR_ACTIVATION	31	0.057994200579942	0.942105789421058	0.276972302769723	1	0.392386929531346
REACTOME_SIGNALING_BY_HIPPO	20	0.0583941605839416	0.941705829417058	0.443655634436556	1	0.392386929531346
REACTOME_PI3K_AKT_ACTIVATION	35	0.0595940405959404	0.940505949405059	0.312168783121688	1	0.396741807300751
miR-27abc/27a-3p	29	0.0605939406059394	0.93950604939506	0.533146685331467	1	0.397561098590996
REACTOME_PLC_BETA_MEDIATED_EVENTS	39	0.0610938906109389	0.939006099390061	0.821017898210179	1	0.397561098590996
REACTOME_PI3K_CASCADE	55	0.0625937406259374	0.937506249375062	0.112788721127887	1	0.397561098590996
REACTOME_TRANSPORT_OF_MATURE_MRNA_DERIVED_FROM_AN_INTRONLESS_TRANSCRIPT	33	0.0628937106289371	0.937206279372063	0.236776322367763	1	0.397561098590996
REACTOME_DOUBLE_STRAND_BREAK_REPAIR	22	0.0633936606339366	0.936706329367063	0.472852714728527	1	0.397561098590996
REACTOME_NEPHRIN_INTERACTIONS	18	0.0634936506349365	0.936606339366063	0.347065293470653	1	0.397561098590996
REACTOME_ROLE_OF_SECOND_MESSENGERS_IN_NETRIN1_SIGNALING	6	0.0637936206379362	0.936306369363064	0.0375962403759624	1	0.397561098590996
REACTOME_HOMOLOGOUS_RECOMBINATION_REPAIR_OF_REPLICATION_INDEPENDENT_DOUBLE_STRAND_BREAKS	16	0.0646935306469353	0.935406459354065	0.443755624437556	1	0.397561098590996
miR-25/32/92abc/363/363-3p/367	47	0.0646935306469353	0.935406459354065	0.571242875712429	1	0.397561098590996
REACTOME_SEMA3A_PLEXIN_REPULSION_SIGNALING_BY_INHIBITING_INTEGRIN_ADHESION	13	0.0664933506649335	0.933606639336066	0.0296970302969703	1	0.401753942252834
REACTOME_RORA_ACTIVATES_CIRCADIAN_EXPRESSION	24	0.0664933506649335	0.933606639336066	0.405259474052595	1	0.401753942252834
REACTOME_CHONDROITIN_SULFATE_BIOSYNTHESIS	19	0.0688931106889311	0.931206879312069	0.351864813518648	1	0.412343889577984
REACTOME_APOPTOTIC_CLEAVAGE_OF_CELLULAR_PROTEINS	34	0.0693930606939306	0.930706929307069	0.453254674532547	1	0.412343889577984
REACTOME_RAF_MAP_KINASE_CASCADE	10	0.0722927707229277	0.927807219278072	0.565843415658434	1	0.426053296309713
REACTOME_CELL_DEATH_SIGNALLING_VIA_NRAGE_NRIF_AND_NADE	57	0.0742925707429257	0.925807419258074	0.267073292670733	1	0.426832141960629
REACTOME_SIGNALING_BY_NOTCH4	12	0.0744925507449255	0.925607439256074	0.382761723827617	1	0.426832141960629
REACTOME_ACTIVATION_OF_RAC	12	0.0752924707529247	0.924807519248075	0.0604939506049395	1	0.426832141960629
REACTOME_DOWNREGULATION_OF_SMAD2_3_SMAD4_TRANSCRIPTIONAL_ACTIVITY	19	0.0762923707629237	0.923807619238076	0.136786321367863	1	0.426832141960629
REACTOME_SEMAPHORIN_INTERACTIONS	62	0.0767923207679232	0.923307669233077	0.0515948405159484	1	0.426832141960629
REACTOME_SIGNALING_BY_NOTCH2	12	0.0767923207679232	0.923307669233077	0.416058394160584	1	0.426832141960629
REACTOME_FGFR2C_LIGAND_BINDING_AND_ACTIVATION	5	0.0790920907909209	0.921007899210079	0.109089091090891	1	0.426832141960629
miR-503	6	0.0792920707929207	0.920807919208079	0.283371662833717	1	0.426832141960629
miR-219-5p/508/508-3p/4782-3p	14	0.0793920607939206	0.920707929207079	0.349465053494651	1	0.426832141960629
REACTOME_PI3K_EVENTS_IN_ERBB2_SIGNALING	40	0.0804919508049195	0.91960803919608	0.405959404059594	1	0.426832141960629
REACTOME_CELL_CELL_JUNCTION_ORGANIZATION	45	0.0804919508049195	0.91960803919608	0.698830116988301	1	0.426832141960629
REACTOME_G_PROTEIN_ACTIVATION	21	0.0811918808119188	0.918908109189081	0.787321267873213	1	0.426832141960629
REACTOME_LIGAND_GATED_ION_CHANNEL_TRANSPORT	8	0.0816918308169183	0.918408159184082	0.744125587441256	1	0.426832141960629
REACTOME_ERKS_ARE_INACTIVATED	12	0.0822917708229177	0.917808219178082	0.93960603939606	1	0.426832141960629
REACTOME_FGFR_LIGAND_BINDING_AND_ACTIVATION	11	0.0825917408259174	0.917508249175082	0.0814918508149185	1	0.426832141960629
REACTOME_GAMMA_CARBOXYLATION_TRANSPORT_AND_AMINO_TERMINAL_CLEAVAGE_OF_PROTEINS	8	0.0830916908309169	0.917008299170083	0.526447355264474	1	0.426832141960629
REACTOME_CTNNB1_PHOSPHORYLATION_CASCADE	16	0.0840915908409159	0.916108389161084	0.977902209779022	1	0.426832141960629
REACTOME_TRANSPORT_OF_MATURE_TRANSCRIPT_TO_CYTOPLASM	53	0.0842915708429157	0.915808419158084	0.435156484351565	1	0.426832141960629
REACTOME_SIGNALING_BY_ERBB4	80	0.0847915208479152	0.915308469153085	0.163783621637836	1	0.426832141960629
REACTOME_NEGATIVE_REGULATION_OF_FGFR_SIGNALING	25	0.0847915208479152	0.915308469153085	0.321367863213679	1	0.426832141960629
REACTOME_SIGNALING_BY_NOTCH3	12	0.0848915108489151	0.915208479152085	0.414458554144586	1	0.426832141960629
miR-137/137ab	20	0.085991400859914	0.914108589141086	0.414958504149585	1	0.427909948731154
miR-199ab-5p	18	0.0863913608639136	0.913708629137086	0.275872412758724	1	0.427909948731154
REACTOME_SIGNAL_TRANSDUCTION_BY_L1	33	0.0868913108689131	0.913208679132087	0.0531946805319468	1	0.427909948731154
REACTOME_PIP3_ACTIVATES_AKT_SIGNALING	27	0.0886911308869113	0.911508849115088	0.375462453754625	1	0.432328388782743
REACTOME_SHC1_EVENTS_IN_EGFR_SIGNALING	15	0.088991100889911	0.911108889111089	0.641635836416358	1	0.432328388782743
REACTOME_INTERACTIONS_OF_VPR_WITH_HOST_CELLULAR_PROTEINS	32	0.0912908709129087	0.908809119088091	0.281371862813719	1	0.440524403935445
REACTOME_EXTRACELLULAR_MATRIX_ORGANIZATION	70	0.0931906809319068	0.906909309069093	0.558144185581442	1	0.44669399726694
REACTOME_SIGNALING_BY_FGFR1_MUTANTS	22	0.0953904609539046	0.904709529047095	0.0657934206579342	1	0.454210208118261
REACTOME_ADENYLATE_CYCLASE_INHIBITORY_PATHWAY	12	0.0978902109789021	0.902209779022098	0.557144285571443	1	0.463046458512044
REACTOME_GRB2_EVENTS_IN_ERBB2_SIGNALING	20	0.101589841015898	0.898510148985102	0.766123387661234	1	0.477405854185823
REACTOME_CGMP_EFFECTS	19	0.103889611038896	0.896310368963104	0.318668133186681	1	0.485043054136145
REACTOME_ERK_MAPK_TARGETS	21	0.105989401059894	0.894110588941106	0.925307469253075	1	0.486093436110934
REACTOME_NUCLEAR_EVENTS_KINASE_AND_TRANSCRIPTION_FACTOR_ACTIVATION	24	0.108589141085891	0.891510848915108	0.904909509049095	1	0.486093436110934
miR-141/200a	4	0.108789121087891	0.891410858914109	0.0661933806619338	1	0.486093436110934
REACTOME_REGULATION_OF_INSULIN_SECRETION_BY_GLUCAGON_LIKE_PEPTIDE1	35	0.108789121087891	0.891310868913109	0.421057894210579	1	0.486093436110934
miR-24/24ab/24-3p	7	0.108989101089891	0.891110888911109	0.802819718028197	1	0.486093436110934
REACTOME_GABA_A_RECEPTOR_ACTIVATION	4	0.111188881111889	0.888911108889111	0.513248675132487	1	0.486093436110934
miR-30abcdef/30abe-5p/384-5p	25	0.111688831116888	0.888411158884112	0.297070292970703	1	0.486093436110934
miR-19ab	54	0.112088791120888	0.888011198880112	0.58054194580542	1	0.486093436110934
REACTOME_SHC1_EVENTS_IN_ERBB4_SIGNALING	18	0.113988601139886	0.886111388861114	0.919408059194081	1	0.486093436110934
REACTOME_GAB1_SIGNALOSOME	36	0.114188581141886	0.885911408859114	0.23007699230077	1	0.486093436110934
REACTOME_PI3K_EVENTS_IN_ERBB4_SIGNALING	34	0.114588541145885	0.885511448855114	0.503849615038496	1	0.486093436110934
REACTOME_SIGNALING_BY_INSULIN_RECEPTOR	89	0.115088491150885	0.885011498850115	0.212678732126787	1	0.486093436110934
REACTOME_ADENYLATE_CYCLASE_ACTIVATING_PATHWAY	9	0.115688431156884	0.884411558844116	0.193880611938806	1	0.486093436110934
REACTOME_NITRIC_OXIDE_STIMULATES_GUANYLATE_CYCLASE	23	0.116088391160884	0.884011598840116	0.553544645535446	1	0.486093436110934
REACTOME_CREB_PHOSPHORYLATION_THROUGH_THE_ACTIVATION_OF_CAMKII	14	0.116288371162884	0.883811618838116	0.611838816118388	1	0.486093436110934
REACTOME_HS_GAG_BIOSYNTHESIS	28	0.116788321167883	0.883311668833117	0.402659734026597	1	0.486093436110934
REACTOME_DSCAM_INTERACTIONS	10	0.117988201179882	0.882111788821118	0.264873512648735	1	0.486093436110934
miR-200bc/429/548a	9	0.118088191180882	0.882011798820118	0.670832916708329	1	0.486093436110934
REACTOME_INWARDLY_RECTIFYING_K_CHANNELS	25	0.118288171182882	0.881811818818118	0.411858814118588	1	0.486093436110934
miR-103a/107/107ab	9	0.118388161183882	0.881711828817118	0.152984701529847	1	0.486093436110934
REACTOME_SMAD2_SMAD3_SMAD4_HETEROTRIMER_REGULATES_TRANSCRIPTION	25	0.118788121187881	0.881311868813119	0.168983101689831	1	0.486093436110934
REACTOME_NEURONAL_SYSTEM	212	0.118988101189881	0.881111888811119	0.646135386461354	1	0.486093436110934
REACTOME_REGULATORY_RNA_PATHWAYS	25	0.11968803119688	0.88041195880412	0.0138986101389861	1	0.486190364014446
REACTOME_CHONDROITIN_SULFATE_DERMATAN_SULFATE_METABOLISM	47	0.121487851214879	0.878612138786121	0.253474652534747	1	0.490729016985942
REACTOME_APOPTOTIC_CLEAVAGE_OF_CELL_ADHESION_PROTEINS	8	0.124487551244876	0.875712428757124	0.451954804519548	1	0.500036588519919
miR-218/218a	24	0.127287271272873	0.872812718728127	0.416658334166583	1	0.506014783137071
REACTOME_ASSOCIATION_OF_TRIC_CCT_WITH_TARGET_PROTEINS_DURING_BIOSYNTHESIS	26	0.127387261273873	0.872712728727127	0.924607539246075	1	0.506014783137071
REACTOME_PLATELET_HOMEOSTASIS	69	0.128087191280872	0.872012798720128	0.841315868413159	1	0.506014783137071
REACTOME_PPARA_ACTIVATES_GENE_EXPRESSION	98	0.12968703129687	0.87041295870413	0.401259874012599	1	0.509535385259288
REACTOME_THROMBIN_SIGNALLING_THROUGH_PROTEINASE_ACTIVATED_RECEPTORS_PARS	28	0.130986901309869	0.869113088691131	0.786321367863214	1	0.511845554574977
miR-130ac/301ab/301b/301b-3p/454/721/4295/3666	51	0.134686531346865	0.865513448655134	0.787821217878212	1	0.519693243441613
REACTOME_UNBLOCKING_OF_NMDA_RECEPTOR_GLUTAMATE_BINDING_AND_ACTIVATION	12	0.135086491350865	0.865013498650135	0.489051094890511	1	0.519693243441613
miR-124/124ab/506	127	0.135786421357864	0.864313568643136	0.360763923607639	1	0.519693243441613
REACTOME_INHIBITION_OF_VOLTAGE_GATED_CA2_CHANNELS_VIA_GBETA_GAMMA_SUBUNITS	19	0.135886411358864	0.864213578642136	0.201579842015798	1	0.519693243441613
REACTOME_G_ALPHA_Z_SIGNALLING_EVENTS	39	0.136686331366863	0.863413658634137	0.956204379562044	1	0.519986625676057
REACTOME_HIGHLY_CALCIUM_PERMEABLE_POSTSYNAPTIC_NICOTINIC_ACETYLCHOLINE_RECEPTORS	7	0.139486051394861	0.860613938606139	0.583841615838416	1	0.527844583962656
REACTOME_INTERACTION_BETWEEN_L1_AND_ANKYRINS	20	0.140585941405859	0.85951404859514	0.762023797620238	1	0.529221423407398
REACTOME_GLYCOSAMINOGLYCAN_METABOLISM	103	0.144985501449855	0.855114488551145	0.374662533746625	1	0.537918796952792
REACTOME_HEPARAN_SULFATE_HEPARIN_HS_GAG_METABOLISM	48	0.145685431456854	0.854414558544146	0.357864213578642	1	0.537918796952792
REACTOME_SYNTHESIS_OF_PIPS_AT_THE_LATE_ENDOSOME_MEMBRANE	10	0.145785421457854	0.854314568543146	0.343565643435656	1	0.537918796952792
REACTOME_ZINC_TRANSPORTERS	13	0.147285271472853	0.852814718528147	0.552044795520448	1	0.537918796952792
REACTOME_TRANSCRIPTIONAL_REGULATION_OF_WHITE_ADIPOCYTE_DIFFERENTIATION	70	0.147385261473853	0.852714728527147	0.277372262773723	1	0.537918796952792
REACTOME_MITOTIC_PROMETAPHASE	85	0.147385261473853	0.852714728527147	0.359464053594641	1	0.537918796952792
REACTOME_GENERIC_TRANSCRIPTION_PATHWAY	330	0.149185081491851	0.850914908509149	0.897410258974103	1	0.541183067622886
REACTOME_COMMON_PATHWAY	7	0.14978502149785	0.85031496850315	0.855714428557144	1	0.541183067622886
REACTOME_DCC_MEDIATED_ATTRACTIVE_SIGNALING	13	0.152384761523848	0.847715228477152	0.334866513348665	1	0.547823217678232
REACTOME_ACTIVATION_OF_THE_PRE_REPLICATIVE_COMPLEX	30	0.155784421557844	0.844315568443156	0.473952604739526	1	0.555567710555677
REACTOME_P38MAPK_EVENTS	13	0.156084391560844	0.844015598440156	0.631836816318368	1	0.555567710555677
REACTOME_HYALURONAN_METABOLISM	14	0.156984301569843	0.843215678432157	0.214378562143786	1	0.556018289796636
REACTOME_G0_AND_EARLY_G1	23	0.160883911608839	0.839216078392161	0.329367063293671	1	0.565021653174488
REACTOME_CELL_JUNCTION_ORGANIZATION	64	0.161783821617838	0.838316168383162	0.834216578342166	1	0.565021653174488
REACTOME_HS_GAG_DEGRADATION	19	0.161883811618838	0.838216178382162	0.612238776122388	1	0.565021653174488
REACTOME_CS_DS_DEGRADATION	12	0.163283671632837	0.836816318368163	0.232476752324768	1	0.567154395671544
REACTOME_ACTIVATED_POINT_MUTANTS_OF_FGFR2	6	0.164383561643836	0.835716428357164	0.172482751724828	1	0.568229715489989
REACTOME_NEUROTRANSMITTER_RELEASE_CYCLE	25	0.16978302169783	0.83031696830317	0.302969703029697	1	0.584086088998756
REACTOME_MRNA_3_END_PROCESSING	34	0.172682731726827	0.827417258274173	0.638836116388361	1	0.586126109611261
REACTOME_PLATELET_ADHESION_TO_EXPOSED_COLLAGEN	10	0.173782621737826	0.826317368263174	0.112988701129887	1	0.586126109611261
REACTOME_PECAM1_INTERACTIONS	10	0.173882611738826	0.826217378262174	0.287671232876712	1	0.586126109611261
REACTOME_ACETYLCHOLINE_BINDING_AND_DOWNSTREAM_EVENTS	8	0.174582541745825	0.825517448255174	0.704029597040296	1	0.586126109611261
REACTOME_REGULATION_OF_KIT_SIGNALING	16	0.174882511748825	0.825217478252175	0.521447855214479	1	0.586126109611261
REACTOME_SIGNALING_BY_CONSTITUTIVELY_ACTIVE_EGFR	17	0.175782421757824	0.824417558244176	0.0981901809819018	1	0.586126109611261
REACTOME_OTHER_SEMAPHORIN_INTERACTIONS	14	0.176082391760824	0.824017598240176	0.010998900109989	1	0.586126109611261
REACTOME_REGULATION_OF_WATER_BALANCE_BY_RENAL_AQUAPORINS	36	0.178582141785821	0.821517848215178	0.566443355664434	1	0.591707649511547
REACTOME_THROMBOXANE_SIGNALLING_THROUGH_TP_RECEPTOR	20	0.17998200179982	0.82021797820218	0.626137386261374	1	0.59286948017527
REACTOME_CELL_CELL_COMMUNICATION	103	0.180581941805819	0.81951804819518	0.670632936706329	1	0.59286948017527
REACTOME_SIGNALING_BY_SCF_KIT	73	0.183081691830817	0.817018298170183	0.216778322167783	1	0.594808232181266
miR-133abc	14	0.183281671832817	0.816918308169183	0.741425857414259	1	0.594808232181266
REACTOME_INTEGRATION_OF_ENERGY_METABOLISM	102	0.183781621837816	0.816318368163184	0.38036196380362	1	0.594808232181266
REACTOME_FORMATION_OF_FIBRIN_CLOT_CLOTTING_CASCADE	20	0.184481551844816	0.815618438156184	0.703929607039296	1	0.594808232181266
REACTOME_RAS_ACTIVATION_UOPN_CA2_INFUX_THROUGH_NMDA_RECEPTOR	16	0.185681431856814	0.814418558144186	0.883011698830117	1	0.595501511795723
REACTOME_G_ALPHA_S_SIGNALLING_EVENTS	81	0.186681331866813	0.813418658134187	0.933006699330067	1	0.595501511795723
REACTOME_MITOTIC_G2_G2_M_PHASES	78	0.187181281871813	0.812918708129187	0.364263573642636	1	0.595501511795723
REACTOME_RECRUITMENT_OF_MITOTIC_CENTROSOME_PROTEINS_AND_COMPLEXES	63	0.188481151884812	0.811618838116188	0.266873312668733	1	0.595548742069025
REACTOME_EFFECTS_OF_PIP2_HYDROLYSIS	19	0.189081091890811	0.811118888111189	0.916808319168083	1	0.595548742069025
REACTOME_CLASS_B_2_SECRETIN_FAMILY_RECEPTORS	67	0.18968103189681	0.81041895810419	0.785021497850215	1	0.595548742069025
REACTOME_INHIBITION_OF_INSULIN_SECRETION_BY_ADRENALINE_NORADRENALINE	22	0.193180681931807	0.806919308069193	0.885511448855114	1	0.603899610038996
miR-148ab-3p/152	25	0.198380161983802	0.801719828017198	0.967103289671033	1	0.611385968841132
REACTOME_TRANSPORT_TO_THE_GOLGI_AND_SUBSEQUENT_MODIFICATION	30	0.198780121987801	0.801319868013199	0.435356464353565	1	0.611385968841132
REACTOME_METABOLISM_OF_CARBOHYDRATES	217	0.199280071992801	0.800819918008199	0.49035096490351	1	0.611385968841132
REACTOME_CASPASE_MEDIATED_CLEAVAGE_OF_CYTOSKELETAL_PROTEINS	12	0.201179882011799	0.799020097990201	0.731426857314269	1	0.611385968841132
REACTOME_TIE2_SIGNALING	15	0.201279872012799	0.798920107989201	0.594240575942406	1	0.611385968841132
REACTOME_ION_CHANNEL_TRANSPORT	39	0.204379562043796	0.795720427957204	0.993500649935007	1	0.611385968841132
REACTOME_METABOLISM_OF_NON_CODING_RNA	48	0.204779522047795	0.795320467953205	0.436456354364564	1	0.611385968841132
REACTOME_DEADENYLATION_OF_MRNA	19	0.204879512048795	0.795220477952205	0.837416258374163	1	0.611385968841132
REACTOME_SIGNAL_AMPLIFICATION	28	0.205179482051795	0.794920507949205	0.847415258474153	1	0.611385968841132
REACTOME_ANTIVIRAL_MECHANISM_BY_IFN_STIMULATED_GENES	65	0.205479452054795	0.794720527947205	0.0756924307569243	1	0.611385968841132
REACTOME_DNA_REPAIR	104	0.205679432056794	0.794420557944206	0.741725827417258	1	0.611385968841132
REACTOME_PEPTIDE_HORMONE_BIOSYNTHESIS	8	0.205779422057794	0.794320567943206	0.808819118088191	1	0.611385968841132
REACTOME_HEMOSTASIS	401	0.206879312068793	0.793220677932207	0.488151184881512	1	0.612115931264017
REACTOME_OLFACTORY_SIGNALING_PATHWAY	11	0.207879212078792	0.792220777922208	0.508049195080492	1	0.612115931264017
REACTOME_PRESYNAPTIC_NICOTINIC_ACETYLCHOLINE_RECEPTORS	6	0.208579142085791	0.791520847915208	0.682831716828317	1	0.612115931264017
REACTOME_PLATELET_SENSITIZATION_BY_LDL	16	0.212578742125787	0.787521247875212	0.915208479152085	1	0.621317543042444
REACTOME_LOSS_OF_NLP_FROM_MITOTIC_CENTROSOMES	56	0.215378462153785	0.784721527847215	0.146185381461854	1	0.623166883311669
REACTOME_ADP_SIGNALLING_THROUGH_P2RY1	22	0.216078392160784	0.784021597840216	0.744725527447255	1	0.623166883311669
REACTOME_A_TETRASACCHARIDE_LINKER_SEQUENCE_IS_REQUIRED_FOR_GAG_SYNTHESIS	25	0.216378362163784	0.783721627837216	0.17028297170283	1	0.623166883311669
REACTOME_G2_M_CHECKPOINTS	41	0.216678332166783	0.783421657834217	0.518748125187481	1	0.623166883311669
miR-196abc	2	0.218978102189781	0.781121887811219	0.53014698530147	1	0.624007130536946
REACTOME_MICRORNA_MIRNA_BIOGENESIS	22	0.219278072192781	0.780821917808219	0.0416958304169583	1	0.624007130536946
REACTOME_FANCONI_ANEMIA_PATHWAY	21	0.21957804219578	0.780521947805219	0.782121787821218	1	0.624007130536946
REACTOME_E2F_ENABLED_INHIBITION_OF_PRE_REPLICATION_COMPLEX_FORMATION	10	0.220877912208779	0.779222077792221	0.445455454454555	1	0.624007130536946
miR-18ab/4735-3p	5	0.221977802219778	0.778122187781222	0.291670832916708	1	0.624007130536946
REACTOME_NUCLEAR_RECEPTOR_TRANSCRIPTION_PATHWAY	41	0.222177782221778	0.777922207779222	0.802619738026197	1	0.624007130536946
REACTOME_MRNA_PROCESSING	154	0.223277672232777	0.776822317768223	0.515848415158484	1	0.624656211421659
REACTOME_PROCESSING_OF_CAPPED_INTRON_CONTAINING_PRE_MRNA	136	0.225177482251775	0.774922507749225	0.424557544245575	1	0.627529495112504
REACTOME_MEIOSIS	86	0.226377362263774	0.773722627737226	0.931306869313069	1	0.628437542346151
REACTOME_CYCLIN_A_B1_ASSOCIATED_EVENTS_DURING_G2_M_TRANSITION	15	0.229377062293771	0.770722927707229	0.528047195280472	1	0.634236197592362
REACTOME_REGULATION_OF_RHEB_GTPASE_ACTIVITY_BY_AMPK	9	0.231276872312769	0.768823117688231	0.471652834716528	1	0.634236197592362
REACTOME_G1_S_SPECIFIC_TRANSCRIPTION	17	0.231676832316768	0.768423157684232	0.357364263573643	1	0.634236197592362
REACTOME_INSULIN_SYNTHESIS_AND_PROCESSING	18	0.232476752324768	0.767623237676232	0.766123387661234	1	0.634236197592362
REACTOME_P130CAS_LINKAGE_TO_MAPK_SIGNALING_FOR_INTEGRINS	12	0.232876712328767	0.767223277672233	0.440555944405559	1	0.634236197592362
REACTOME_N_GLYCAN_ANTENNAE_ELONGATION	11	0.235376462353765	0.764723527647235	0.627937206279372	1	0.637818269455106
REACTOME_FATTY_ACID_TRIACYLGLYCEROL_AND_KETONE_BODY_METABOLISM	161	0.235976402359764	0.764123587641236	0.14978502149785	1	0.637818269455106
REACTOME_DARPP_32_EVENTS	23	0.238576142385761	0.761523847615239	0.688631136886311	1	0.637818269455106
REACTOME_METAL_ION_SLC_TRANSPORTERS	20	0.24007599240076	0.76002399760024	0.707329267073293	1	0.637818269455106
REACTOME_ACTIVATION_OF_ATR_IN_RESPONSE_TO_REPLICATION_STRESS	35	0.24017598240176	0.75992400759924	0.574242575742426	1	0.637818269455106
REACTOME_UNWINDING_OF_DNA	11	0.240575942405759	0.759524047595241	0.592340765923408	1	0.637818269455106
REACTOME_CTLA4_INHIBITORY_SIGNALING	21	0.241875812418758	0.758224177582242	0.969503049695031	1	0.637818269455106
REACTOME_PROCESSING_OF_INTRONLESS_PRE_MRNAS	14	0.242175782421758	0.757924207579242	0.51034896510349	1	0.637818269455106
REACTOME_SYNTHESIS_OF_PIPS_AT_THE_EARLY_ENDOSOME_MEMBRANE	12	0.242175782421758	0.757924207579242	0.806419358064194	1	0.637818269455106
REACTOME_APOPTOSIS_INDUCED_DNA_FRAGMENTATION	12	0.247375262473753	0.752724727527247	0.437556244375562	1	0.649134356637329
REACTOME_RECRUITMENT_OF_NUMA_TO_MITOTIC_CENTROSOMES	10	0.248775122487751	0.751324867513249	0.833816618338166	1	0.649612099721927
REACTOME_CDC6_ASSOCIATION_WITH_THE_ORC_ORIGIN_COMPLEX	11	0.24967503249675	0.75042495750425	0.555044495550445	1	0.649612099721927
REACTOME_NEGATIVE_REGULATION_OF_THE_PI3K_AKT_NETWORK	7	0.25027497250275	0.74982501749825	0.43965603439656	1	0.649612099721927
REACTOME_FORMATION_OF_INCISION_COMPLEX_IN_GG_NER	21	0.251674832516748	0.748425157484252	0.980701929807019	1	0.649612099721927
REACTOME_E2F_MEDIATED_REGULATION_OF_DNA_REPLICATION	33	0.252074792520748	0.748025197480252	0.754924507549245	1	0.649612099721927
REACTOME_VITAMIN_B5_PANTOTHENATE_METABOLISM	11	0.253574642535746	0.746525347465253	0.0354964503549645	1	0.650859382146892
REACTOME_INTEGRIN_CELL_SURFACE_INTERACTIONS	73	0.254874512548745	0.745225477452255	0.136586341365863	1	0.650859382146892
REACTOME_CHROMOSOME_MAINTENANCE	101	0.255274472552745	0.744825517448255	0.836416358364164	1	0.650859382146892
REACTOME_GLYCOPROTEIN_HORMONES	6	0.258974102589741	0.741125887411259	0.91980801919808	1	0.65690790075922
REACTOME_CLEAVAGE_OF_GROWING_TRANSCRIPT_IN_THE_TERMINATION_REGION_	43	0.259474052594741	0.740625937406259	0.553044695530447	1	0.65690790075922
REACTOME_RNA_POL_I_TRANSCRIPTION_TERMINATION	21	0.262373762623738	0.737726227377262	0.911108889111089	1	0.661918369566552
REACTOME_CELL_CYCLE_MITOTIC	306	0.263573642635736	0.736526347365263	0.339366063393661	1	0.662620451241589
REACTOME_TRAF6_MEDIATED_INDUCTION_OF_NFKB_AND_MAP_KINASES_UPON_TLR7_8_OR_9_ACTIVATION	73	0.265173482651735	0.734926507349265	0.509149085091491	1	0.664319630754695
REACTOME_GLOBAL_GENOMIC_NER_GG_NER	33	0.266673332666733	0.733426657334267	0.980601939806019	1	0.665757382595074
REACTOME_DNA_STRAND_ELONGATION	30	0.277072292770723	0.723027697230277	0.698330166983302	1	0.688681940867402
REACTOME_RNA_POL_I_TRANSCRIPTION_INITIATION	24	0.280871912808719	0.719228077192281	0.823317668233177	1	0.688681940867402
REACTOME_INTEGRIN_ALPHAIIB_BETA3_SIGNALING	24	0.281771822817718	0.718328167183282	0.843715628437156	1	0.688681940867402
REACTOME_DOPAMINE_NEUROTRANSMITTER_RELEASE_CYCLE	10	0.282371762823718	0.717728227177282	0.462253774622538	1	0.688681940867402
REACTOME_N_GLYCAN_ANTENNAE_ELONGATION_IN_THE_MEDIAL_TRANS_GOLGI	15	0.285471452854715	0.714628537146285	0.288671132886711	1	0.688681940867402
REACTOME_MEIOTIC_RECOMBINATION	60	0.286271372862714	0.713828617138286	0.834716528347165	1	0.688681940867402
REACTOME_MITOTIC_M_M_G1_PHASES	166	0.286471352864714	0.713628637136286	0.298670132986701	1	0.688681940867402
REACTOME_G1_PHASE	35	0.286571342865713	0.713528647135287	0.858014198580142	1	0.688681940867402
REACTOME_GRB2_SOS_PROVIDES_LINKAGE_TO_MAPK_SIGNALING_FOR_INTERGRINS_	12	0.288571142885711	0.711528847115289	0.584441555844416	1	0.688681940867402
REACTOME_ENERGY_DEPENDENT_REGULATION_OF_MTOR_BY_LKB1_AMPK	16	0.289071092890711	0.711028897110289	0.786121387861214	1	0.688681940867402
REACTOME_PLATELET_AGGREGATION_PLUG_FORMATION	30	0.289371062893711	0.710828917108289	0.915208479152085	1	0.688681940867402
REACTOME_ROLE_OF_DCC_IN_REGULATING_APOPTOSIS	10	0.29037096290371	0.70972902709729	0.81011898810119	1	0.688681940867402
REACTOME_DNA_REPLICATION	186	0.291370862913709	0.708729127087291	0.343765623437656	1	0.688681940867402
REACTOME_CELL_CYCLE	380	0.292970702929707	0.707129287071293	0.457754224577542	1	0.688681940867402
REACTOME_G2_M_DNA_DAMAGE_CHECKPOINT	9	0.293570642935706	0.706529347065293	0.491850814918508	1	0.688681940867402
REACTOME_DEPOSITION_OF_NEW_CENPA_CONTAINING_NUCLEOSOMES_AT_THE_CENTROMERE	49	0.294170582941706	0.705929407059294	0.682831716828317	1	0.688681940867402
REACTOME_PROSTACYCLIN_SIGNALLING_THROUGH_PROSTACYCLIN_RECEPTOR	16	0.294670532946705	0.705429457054295	0.743825617438256	1	0.688681940867402
REACTOME_ACTIVATED_TAK1_MEDIATES_P38_MAPK_ACTIVATION	17	0.294970502949705	0.705129487051295	0.666433356664334	1	0.688681940867402
REACTOME_LATE_PHASE_OF_HIV_LIFE_CYCLE	101	0.295270472952705	0.704829517048295	0.320567943205679	1	0.688681940867402
REACTOME_SLC_MEDIATED_TRANSMEMBRANE_TRANSPORT	191	0.295770422957704	0.704329567043296	0.475952404759524	1	0.688681940867402
REACTOME_TRANSCRIPTION	185	0.295970402959704	0.704129587041296	0.736126387361264	1	0.688681940867402
REACTOME_REGULATION_OF_BETA_CELL_DEVELOPMENT	13	0.297170282971703	0.703029697030297	0.516648335166483	1	0.689243333731143
REACTOME_RECYCLING_PATHWAY_OF_L1	26	0.298470152984702	0.701629837016298	0.539346065393461	1	0.689757541817703
REACTOME_INHIBITION_OF_REPLICATION_INITIATION_OF_DAMAGED_DNA_BY_RB1_E2F1	12	0.2998700129987	0.7002299770023	0.977202279772023	1	0.689757541817703
REACTOME_ACTIVATION_OF_CHAPERONES_BY_ATF6_ALPHA	11	0.3002699730027	0.6998300169983	0.655234476552345	1	0.689757541817703
REACTOME_TIGHT_JUNCTION_INTERACTIONS	24	0.302069793020698	0.698130186981302	0.681231876812319	1	0.691540369772547
REACTOME_SEMA4D_INDUCED_CELL_MIGRATION_AND_GROWTH_CONE_COLLAPSE	24	0.302969703029697	0.697130286971303	0.531546845315468	1	0.691540369772547
REACTOME_ADP_SIGNALLING_THROUGH_P2RY12	18	0.305869413058694	0.694230576942306	0.834716528347165	1	0.693010636240451
REACTOME_CD28_DEPENDENT_PI3K_AKT_SIGNALING	21	0.306069393060694	0.694030596940306	0.0793920607939206	1	0.693010636240451
REACTOME_GASTRIN_CREB_SIGNALLING_PATHWAY_VIA_PKC_AND_MAPK	140	0.306669333066693	0.693430656934307	0.941805819418058	1	0.693010636240451
REACTOME_TRAFFICKING_OF_AMPA_RECEPTORS	21	0.307469253074693	0.692630736926307	0.751724827517248	1	0.693010636240451
REACTOME_MRNA_SPLICING	107	0.309369063093691	0.690730926907309	0.446855314468553	1	0.693844011237505
REACTOME_POTASSIUM_CHANNELS	72	0.30976902309769	0.69033096690331	0.496650334966503	1	0.693844011237505
REACTOME_IRAK2_MEDIATED_ACTIVATION_OF_TAK1_COMPLEX_UPON_TLR7_8_OR_9_STIMULATION	8	0.312068793120688	0.688031196880312	0.188981101889811	1	0.69667027105339
REACTOME_NFKB_AND_MAP_KINASES_ACTIVATION_MEDIATED_BY_TLR4_SIGNALING_REPERTOIRE	69	0.312968703129687	0.687131286871313	0.437956204379562	1	0.69667027105339
REACTOME_LAGGING_STRAND_SYNTHESIS	19	0.317568243175682	0.682531746825317	0.752824717528247	1	0.703001084506934
REACTOME_REGULATION_OF_HYPOXIA_INDUCIBLE_FACTOR_HIF_BY_OXYGEN	22	0.317768223177682	0.682331766823318	0.256774322567743	1	0.703001084506934
REACTOME_ACTIVATION_OF_BH3_ONLY_PROTEINS	16	0.32036796320368	0.67973202679732	0.43955604439556	1	0.704767402047674
REACTOME_PURINE_RIBONUCLEOSIDE_MONOPHOSPHATE_BIOSYNTHESIS	11	0.320567943205679	0.67963203679632	0.938206179382062	1	0.704767402047674
REACTOME_NUCLEOTIDE_EXCISION_REPAIR	49	0.321967803219678	0.678132186781322	0.781921807819218	1	0.704767402047674
REACTOME_HIV_LIFE_CYCLE	114	0.323367663233677	0.676732326767323	0.397460253974603	1	0.704767402047674
miR-183	2	0.323467653234677	0.676732326767323	0.88971102889711	1	0.704767402047674
REACTOME_SIGNALING_BY_FGFR1_FUSION_MUTANTS	18	0.325267473252675	0.674832516748325	0.128687131286871	1	0.704852707500334
REACTOME_SEROTONIN_RECEPTORS	4	0.325467453254675	0.674632536746325	0.899210078992101	1	0.704852707500334
REACTOME_BASIGIN_INTERACTIONS	23	0.327667233276672	0.672432756724328	0.718328167183282	1	0.707485707885668
REACTOME_RNA_POL_I_RNA_POL_III_AND_MITOCHONDRIAL_TRANSCRIPTION	99	0.32956704329567	0.670532946705329	0.911708829117088	1	0.707554020717331
REACTOME_GLYCOLYSIS	27	0.32966703329667	0.67043295670433	0.89001099890011	1	0.707554020717331
REACTOME_SYNTHESIS_OF_PIPS_AT_THE_GOLGI_MEMBRANE	16	0.332966703329667	0.667133286671333	0.69003099690031	1	0.712509106232234
REACTOME_ACTIVATION_OF_KAINATE_RECEPTORS_UPON_GLUTAMATE_BINDING	27	0.334866513348665	0.665233476652335	0.946105389461054	1	0.713185190356704
REACTOME_CLASS_C_3_METABOTROPIC_GLUTAMATE_PHEROMONE_RECEPTORS	10	0.335266473352665	0.664833516648335	0.765423457654235	1	0.713185190356704
REACTOME_SPHINGOLIPID_DE_NOVO_BIOSYNTHESIS	29	0.339466053394661	0.660633936606339	0.769023097690231	1	0.719988473129088
REACTOME_PKB_MEDIATED_EVENTS	27	0.344765523447655	0.655334466553345	0.48025197480252	1	0.722668195608185
REACTOME_REPAIR_SYNTHESIS_FOR_GAP_FILLING_BY_DNA_POL_IN_TC_NER	14	0.345065493450655	0.655034496550345	0.779122087791221	1	0.722668195608185
REACTOME_ION_TRANSPORT_BY_P_TYPE_ATPASES	31	0.345365463453655	0.654834516548345	0.994400559944006	1	0.722668195608185
REACTOME_OPSINS	3	0.346265373462654	0.653834616538346	0.756824317568243	1	0.722668195608185
REACTOME_REGULATION_OF_AMPK_ACTIVITY_VIA_LKB1	13	0.346965303469653	0.653134686531347	0.658534146585341	1	0.722668195608185
REACTOME_AMINO_ACID_TRANSPORT_ACROSS_THE_PLASMA_MEMBRANE	25	0.347465253474653	0.652634736526347	0.333166683331667	1	0.722668195608185
REACTOME_ACTIVATED_NOTCH1_TRANSMITS_SIGNAL_TO_THE_NUCLEUS	24	0.347765223477652	0.652434756524348	0.548145185481452	1	0.722668195608185
REACTOME_SPRY_REGULATION_OF_FGF_SIGNALING	13	0.351964803519648	0.648135186481352	0.766923307669233	1	0.729287301817369
REACTOME_RNA_POL_II_TRANSCRIPTION	102	0.357764223577642	0.642335766423358	0.538146185381462	1	0.734748530717959
REACTOME_IONOTROPIC_ACTIVITY_OF_KAINATE_RECEPTORS	10	0.358864113588641	0.641235876412359	0.994500549945005	1	0.734748530717959
REACTOME_DOWNREGULATION_OF_ERBB2_ERBB3_SIGNALING	11	0.35976402359764	0.64033596640336	0.477052294770523	1	0.734748530717959
REACTOME_GLUCAGON_TYPE_LIGAND_RECEPTORS	22	0.361963803619638	0.638136186381362	0.692730726927307	1	0.734748530717959
miR-23abc/23b-3p	2	0.362263773622638	0.637836216378362	0.157884211578842	1	0.734748530717959
REACTOME_DESTABILIZATION_OF_MRNA_BY_BRF1	17	0.362663733626637	0.637436256374363	0.858514148585142	1	0.734748530717959
REACTOME_PROTEIN_FOLDING	49	0.365263473652635	0.634836516348365	0.947205279472053	1	0.734748530717959
REACTOME_PROCESSIVE_SYNTHESIS_ON_THE_LAGGING_STRAND	15	0.365563443655634	0.634536546345365	0.755224477552245	1	0.734748530717959
REACTOME_DESTABILIZATION_OF_MRNA_BY_TRISTETRAPROLIN_TTP	17	0.365763423657634	0.634436556344366	0.834216578342166	1	0.734748530717959
REACTOME_SEMA4D_IN_SEMAPHORIN_SIGNALING	29	0.366363363663634	0.633836616338366	0.55024497550245	1	0.734748530717959
REACTOME_PYRUVATE_METABOLISM	18	0.366363363663634	0.633736626337366	0.913208679132087	1	0.734748530717959
REACTOME_REGULATION_OF_GENE_EXPRESSION_IN_BETA_CELLS	9	0.366863313668633	0.633236676332367	0.492550744925507	1	0.734748530717959
REACTOME_INTEGRATION_OF_PROVIRUS	8	0.372062793720628	0.628037196280372	0.705029497050295	1	0.743092079680921
REACTOME_EXTENSION_OF_TELOMERES	26	0.377562243775622	0.622537746225377	0.584541545845416	1	0.751986851176378
REACTOME_REGULATION_OF_INSULIN_SECRETION	75	0.37986201379862	0.62033796620338	0.435856414358564	1	0.752633950697071
REACTOME_TRANSCRIPTION_COUPLED_NER_TC_NER	44	0.381961803819618	0.618138186181382	0.74032596740326	1	0.752633950697071
REACTOME_REGULATION_OF_INSULIN_LIKE_GROWTH_FACTOR_IGF_ACTIVITY_BY_INSULIN_LIKE_GROWTH_FACTOR_BINDING_PROTEINS_IGFBPS	10	0.383861613838616	0.616238376162384	0.899010098990101	1	0.752633950697071
REACTOME_REGULATION_OF_THE_FANCONI_ANEMIA_PATHWAY	7	0.385161483851615	0.614938506149385	0.271072892710729	1	0.752633950697071
REACTOME_G_BETA_GAMMA_SIGNALLING_THROUGH_PI3KGAMMA	22	0.385661433856614	0.614438556144386	0.58954104589541	1	0.752633950697071
REACTOME_PROCESSING_OF_CAPPED_INTRONLESS_PRE_MRNA	23	0.386061393860614	0.614038596140386	0.415658434156584	1	0.752633950697071
REACTOME_POL_SWITCHING	13	0.386061393860614	0.614038596140386	0.697430256974303	1	0.752633950697071
REACTOME_TGF_BETA_RECEPTOR_SIGNALING_IN_EMT_EPITHELIAL_TO_MESENCHYMAL_TRANSITION	14	0.386261373862614	0.614038596140386	0.638436156384362	1	0.752633950697071
REACTOME_G_BETA_GAMMA_SIGNALLING_THROUGH_PLC_BETA	17	0.390960903909609	0.609139086091391	0.551544845515448	1	0.759732134894619
REACTOME_TRIF_MEDIATED_TLR3_SIGNALING	71	0.394660533946605	0.605439456054395	0.34986501349865	1	0.764854242338569
REACTOME_MITOTIC_G1_G1_S_PHASES	130	0.397360263973603	0.602739726027397	0.415658434156584	1	0.765971423965783
REACTOME_SPHINGOLIPID_METABOLISM	60	0.398660133986601	0.601439856014399	0.204879512048795	1	0.765971423965783
REACTOME_DEGRADATION_OF_THE_EXTRACELLULAR_MATRIX	16	0.399060093990601	0.601039896010399	0.571742825717428	1	0.765971423965783
REACTOME_PHOSPHORYLATION_OF_THE_APC_C	17	0.3996600339966	0.6004399560044	0.353564643535646	1	0.765971423965783
REACTOME_IL_6_SIGNALING	10	0.400959904009599	0.599140085991401	0.834916508349165	1	0.765971423965783
REACTOME_MYD88_MAL_CASCADE_INITIATED_ON_PLASMA_MEMBRANE	79	0.402559744025597	0.597540245975402	0.403259674032597	1	0.765971423965783
REACTOME_RNA_POL_III_TRANSCRIPTION	33	0.403059694030597	0.597040295970403	0.444955504449555	1	0.765971423965783
REACTOME_FORMATION_OF_TUBULIN_FOLDING_INTERMEDIATES_BY_CCT_TRIC	19	0.403759624037596	0.596440355964404	0.719428057194281	1	0.765971423965783
REACTOME_AQUAPORIN_MEDIATED_TRANSPORT	41	0.409459054094591	0.590640935906409	0.473352664733527	1	0.773272279071305
REACTOME_RNA_POL_I_TRANSCRIPTION	66	0.40975902409759	0.59034096590341	0.937406259374063	1	0.773272279071305
REACTOME_ACTIVATION_OF_CHAPERONE_GENES_BY_ATF6_ALPHA	9	0.410958904109589	0.589241075892411	0.672232776722328	1	0.773506418991609
REACTOME_TRAFFICKING_OF_GLUR2_CONTAINING_AMPA_RECEPTORS	12	0.417258274172583	0.582841715828417	0.583541645835416	1	0.781272653984602
REACTOME_PTM_GAMMA_CARBOXYLATION_HYPUSINE_FORMATION_AND_ARYLSULFATASE_ACTIVATION	21	0.417258274172583	0.582841715828417	0.598840115988401	1	0.781272653984602
REACTOME_PI_METABOLISM	46	0.418558144185581	0.581541845815418	0.941705829417058	1	0.781670923816709
miR-22/22-3p	2	0.426157384261574	0.573942605739426	0.38956104389561	1	0.79360746095933
REACTOME_DEADENYLATION_DEPENDENT_MRNA_DECAY	44	0.427157284271573	0.572942705729427	0.913008699130087	1	0.79360746095933
REACTOME_GAP_JUNCTION_DEGRADATION	10	0.428657134286571	0.571542845715428	0.236476352364764	1	0.794341442144445
REACTOME_ACETYLCHOLINE_NEUROTRANSMITTER_RELEASE_CYCLE	6	0.430956904309569	0.569243075692431	0.47015298470153	1	0.79655016503491
REACTOME_ASSOCIATION_OF_LICENSING_FACTORS_WITH_THE_PRE_REPLICATIVE_COMPLEX	13	0.433256674332567	0.566843315668433	0.469253074692531	1	0.798747561141322
REACTOME_TRANSPORT_OF_VITAMINS_NUCLEOSIDES_AND_RELATED_MOLECULES	24	0.436856314368563	0.563243675632437	0.573142685731427	1	0.803324015424544
REACTOME_SMOOTH_MUSCLE_CONTRACTION	22	0.440755924407559	0.559444055594441	0.964003599640036	1	0.808427320533253
REACTOME_PLATELET_CALCIUM_HOMEOSTASIS	14	0.446155384461554	0.553944605539446	0.483851614838516	1	0.813571807376224
REACTOME_DESTABILIZATION_OF_MRNA_BY_KSRP	17	0.446855314468553	0.553244675532447	0.922707729227077	1	0.813571807376224
REACTOME_N_GLYCAN_TRIMMING_IN_THE_ER_AND_CALNEXIN_CALRETICULIN_CYCLE	13	0.446955304469553	0.553144685531447	0.557244275572443	1	0.813571807376224
REACTOME_SYNTHESIS_OF_PE	11	0.44995500449955	0.55014498550145	0.519348065193481	1	0.816716816983289
REACTOME_FORMATION_OF_TRANSCRIPTION_COUPLED_NER_TC_NER_REPAIR_COMPLEX	29	0.450954904509549	0.549145085491451	0.527447255274473	1	0.816716816983289
REACTOME_SIGNALING_BY_GPCR	438	0.452654734526547	0.547445255474453	0.531146885311469	1	0.817735563127104
REACTOME_TRANSPORT_OF_ORGANIC_ANIONS	7	0.454654534546545	0.545445455454455	0.549445055494451	1	0.819289750222973
REACTOME_REMOVAL_OF_THE_FLAP_INTERMEDIATE_FROM_THE_C_STRAND	10	0.456654334566543	0.543445655434457	0.783021697830217	1	0.820836166383362
REACTOME_RETROGRADE_NEUROTROPHIN_SIGNALLING	12	0.460853914608539	0.539246075392461	0.0184981501849815	1	0.822467514014149
REACTOME_TELOMERE_MAINTENANCE	60	0.461053894610539	0.539046095390461	0.916208379162084	1	0.822467514014149
REACTOME_REGULATION_OF_PYRUVATE_DEHYDROGENASE_PDH_COMPLEX	12	0.464353564643536	0.535746425357464	0.536246375362464	1	0.822467514014149
REACTOME_ACTIVATED_AMPK_STIMULATES_FATTY_ACID_OXIDATION_IN_MUSCLE	17	0.464353564643536	0.535746425357464	0.664933506649335	1	0.822467514014149
miR-34ac/34bc-5p/449abc/449c-5p	30	0.464553544645535	0.535546445355464	0.62043795620438	1	0.822467514014149
REACTOME_PLATELET_ACTIVATION_SIGNALING_AND_AGGREGATION	180	0.464853514648535	0.535246475352465	0.943405659434057	1	0.822467514014149
REACTOME_ELEVATION_OF_CYTOSOLIC_CA2_LEVELS	7	0.468453154684532	0.531646835316468	0.0632936706329367	1	0.822467514014149
REACTOME_FORMATION_OF_RNA_POL_II_ELONGATION_COMPLEX_	43	0.468853114688531	0.531246875312469	0.381961803819618	1	0.822467514014149
REACTOME_TRANSMEMBRANE_TRANSPORT_OF_SMALL_MOLECULES	330	0.470852914708529	0.529247075292471	0.826617338266173	1	0.822467514014149
REACTOME_MEIOTIC_SYNAPSIS	55	0.472652734726527	0.527447255274473	0.94960503949605	1	0.822467514014149
REACTOME_NUCLEAR_SIGNALING_BY_ERBB4	31	0.472952704729527	0.527147285271473	0.351864813518648	1	0.822467514014149
REACTOME_RNA_POL_I_PROMOTER_OPENING	41	0.474652534746525	0.525447455254475	0.792820717928207	1	0.822467514014149
REACTOME_NOREPINEPHRINE_NEUROTRANSMITTER_RELEASE_CYCLE	8	0.474852514748525	0.525247475252475	0.20987901209879	1	0.822467514014149
REACTOME_INHIBITION_OF_THE_PROTEOLYTIC_ACTIVITY_OF_APC_C_REQUIRED_FOR_THE_ONSET_OF_ANAPHASE_BY_MITOTIC_SPINDLE_CHECKPOINT_COMPONENTS	18	0.474952504749525	0.525147485251475	0.486551344865513	1	0.822467514014149
REACTOME_MHC_CLASS_II_ANTIGEN_PRESENTATION	89	0.475952404759524	0.524147585241476	0.0075992400759924	1	0.822467514014149
REACTOME_G_ALPHA_Q_SIGNALLING_EVENTS	120	0.476752324767523	0.523347665233477	0.951604839516048	1	0.822467514014149
REACTOME_REGULATED_PROTEOLYSIS_OF_P75NTR	10	0.478052194780522	0.522047795220478	0.705429457054295	1	0.822467514014149
REACTOME_RAP1_SIGNALLING	15	0.478152184781522	0.521947805219478	0.69013098690131	1	0.822467514014149
REACTOME_G1_S_TRANSITION	106	0.481751824817518	0.518348165183482	0.484451554844516	1	0.824713242961418
REACTOME_GPCR_DOWNSTREAM_SIGNALING	342	0.481751824817518	0.518348165183482	0.622737726227377	1	0.824713242961418
REACTOME_REVERSIBLE_HYDRATION_OF_CARBON_DIOXIDE	8	0.483551644835516	0.516548345165483	0.868113188681132	1	0.825828106025502
REACTOME_EGFR_DOWNREGULATION	24	0.484851514848515	0.515248475152485	0.101389861013899	1	0.82608587482484
REACTOME_VOLTAGE_GATED_POTASSIUM_CHANNELS	30	0.488251174882512	0.511848815118488	0.71962803719628	1	0.829286931119972
REACTOME_GLYCOSPHINGOLIPID_METABOLISM	31	0.489251074892511	0.510848915108489	0.0418958104189581	1	0.829286931119972
REACTOME_G_PROTEIN_BETA_GAMMA_SIGNALLING	25	0.491250874912509	0.508849115088491	0.53034696530347	1	0.829286931119972
REACTOME_HORMONE_LIGAND_BINDING_RECEPTORS	4	0.491650834916508	0.508549145085491	0.999800019998	1	0.829286931119972
REACTOME_GROWTH_HORMONE_RECEPTOR_SIGNALING	20	0.493050694930507	0.507049295070493	0.311768823117688	1	0.829286931119972
REACTOME_IRAK1_RECRUITS_IKK_COMPLEX	9	0.493650634936506	0.506449355064494	0.257674232576742	1	0.829286931119972
REACTOME_CELL_EXTRACELLULAR_MATRIX_INTERACTIONS	13	0.496250374962504	0.503849615038496	0.536846315368463	1	0.829686404909393
REACTOME_S_PHASE	105	0.497350264973503	0.502749725027497	0.423357664233577	1	0.829686404909393
REACTOME_AMYLOIDS	51	0.497350264973503	0.502749725027497	0.436756324367563	1	0.829686404909393
REACTOME_RNA_POL_II_PRE_TRANSCRIPTION_EVENTS	59	0.501449855014499	0.498650134986501	0.527247275272473	1	0.83180808355946
REACTOME_FATTY_ACYL_COA_BIOSYNTHESIS	18	0.501949805019498	0.498150184981502	0.27027297270273	1	0.83180808355946
REACTOME_SYNTHESIS_OF_PC	17	0.502649735026497	0.497450254974503	0.781821817818218	1	0.83180808355946
REACTOME_INTRINSIC_PATHWAY	11	0.503249675032497	0.496850314968503	0.629437056294371	1	0.83180808355946
REACTOME_RNA_POL_III_TRANSCRIPTION_INITIATION_FROM_TYPE_2_PROMOTER	23	0.508449155084492	0.491650834916508	0.425257474252575	1	0.838474638774655
REACTOME_AMINO_ACID_AND_OLIGOPEPTIDE_SLC_TRANSPORTERS	36	0.514848515148485	0.485251474852515	0.138586141385861	1	0.844740525947405
REACTOME_HYALURONAN_UPTAKE_AND_DEGRADATION	10	0.516048395160484	0.484051594840516	0.495050494950505	1	0.844740525947405
REACTOME_O_LINKED_GLYCOSYLATION_OF_MUCINS	41	0.516148385161484	0.483951604839516	0.762223777622238	1	0.844740525947405
REACTOME_PREFOLDIN_MEDIATED_TRANSFER_OF_SUBSTRATE_TO_CCT_TRIC	25	0.516948305169483	0.483151684831517	0.876212378762124	1	0.844740525947405
REACTOME_FORMATION_OF_THE_HIV1_EARLY_ELONGATION_COMPLEX	33	0.518748125187481	0.481351864813519	0.571642835716428	1	0.845759414988207
REACTOME_CALNEXIN_CALRETICULIN_CYCLE	11	0.520747925207479	0.479352064793521	0.451554844515548	1	0.847099000507189
REACTOME_AMINE_DERIVED_HORMONES	8	0.524847515248475	0.475252474752525	0.598240175982402	1	0.851198429940556
REACTOME_TETRAHYDROBIOPTERIN_BH4_SYNTHESIS_RECYCLING_SALVAGE_AND_REGULATION	12	0.525847415258474	0.474252574742526	0.943705629437056	1	0.851198429940556
REACTOME_FACILITATIVE_NA_INDEPENDENT_GLUCOSE_TRANSPORTERS	10	0.527447255274473	0.472652734726527	0.268173182681732	1	0.851198429940556
REACTOME_AMINE_LIGAND_BINDING_RECEPTORS	16	0.528447155284472	0.471652834716528	0.975502449755025	1	0.851198429940556
REACTOME_M_G1_TRANSITION	77	0.529247075292471	0.470852914708529	0.296670332966703	1	0.851198429940556
REACTOME_SLBP_DEPENDENT_PROCESSING_OF_REPLICATION_DEPENDENT_HISTONE_PRE_MRNAS	11	0.530746925307469	0.469353064693531	0.282071792820718	1	0.851198429940556
REACTOME_MRNA_SPLICING_MINOR_PATHWAY	42	0.533146685331467	0.466953304669533	0.0876912308769123	1	0.851198429940556
REACTOME_KERATAN_SULFATE_DEGRADATION	10	0.536246375362464	0.463853614638536	0.68003199680032	1	0.851198429940556
REACTOME_MRNA_CAPPING	29	0.537346265373463	0.462753724627537	0.540745925407459	1	0.851198429940556
REACTOME_AMINE_COMPOUND_SLC_TRANSPORTERS	14	0.540545945405459	0.45955404459554	0.716328367163284	1	0.851198429940556
REACTOME_SYNTHESIS_OF_DNA	89	0.540845915408459	0.459254074592541	0.403659634036596	1	0.851198429940556
REACTOME_EICOSANOID_LIGAND_BINDING_RECEPTORS	15	0.540845915408459	0.459254074592541	0.974802519748025	1	0.851198429940556
REACTOME_REGULATION_OF_INSULIN_SECRETION_BY_ACETYLCHOLINE	10	0.542045795420458	0.458154184581542	0.569043095690431	1	0.851198429940556
REACTOME_GLUCOSE_METABOLISM	61	0.543145685431457	0.456954304569543	0.953004699530047	1	0.851198429940556
REACTOME_CELL_SURFACE_INTERACTIONS_AT_THE_VASCULAR_WALL	78	0.543245675432457	0.456854314568543	0.222677732226777	1	0.851198429940556
REACTOME_PROLACTIN_RECEPTOR_SIGNALING	10	0.544145585441456	0.455954404559544	0.144785521447855	1	0.851198429940556
REACTOME_PERK_REGULATED_GENE_EXPRESSION	26	0.545445455454455	0.454654534546545	0.651634836516348	1	0.851198429940556
REACTOME_TRANS_GOLGI_NETWORK_VESICLE_BUDDING	59	0.545745425457454	0.454354564543546	0.109289071092891	1	0.851198429940556
REACTOME_CELL_CYCLE_CHECKPOINTS	110	0.546845315468453	0.453254674532547	0.315368463153685	1	0.851198429940556
REACTOME_ENOS_ACTIVATION_AND_REGULATION	19	0.546945305469453	0.453154684531547	0.984701529847015	1	0.851198429940556
REACTOME_MTORC1_MEDIATED_SIGNALLING	11	0.552244775522448	0.447855214478552	0.361063893610639	1	0.857457049993925
REACTOME_TRANSPORT_OF_INORGANIC_CATIONS_ANIONS_AND_AMINO_ACIDS_OLIGOPEPTIDES	76	0.553644635536446	0.446455354464554	0.592340765923408	1	0.857457049993925
REACTOME_CYTOSOLIC_TRNA_AMINOACYLATION	24	0.554544545545445	0.445555444455554	0.936306369363064	1	0.857457049993925
REACTOME_EARLY_PHASE_OF_HIV_LIFE_CYCLE	13	0.557644235576442	0.442555744425557	0.815218478152185	1	0.858711131028225
REACTOME_ELONGATION_ARREST_AND_RECOVERY	31	0.557744225577442	0.442355764423558	0.148085191480852	1	0.858711131028225
REACTOME_POST_CHAPERONIN_TUBULIN_FOLDING_PATHWAY	16	0.561143885611439	0.438956104389561	0.641035896410359	1	0.861947280751669
REACTOME_PACKAGING_OF_TELOMERE_ENDS	34	0.562243775622438	0.437856214378562	0.943805619438056	1	0.861947280751669
REACTOME_MITOCHONDRIAL_TRNA_AMINOACYLATION	21	0.565443455654435	0.434656534346565	0.98960103989601	1	0.86500818003306
REACTOME_INTRINSIC_PATHWAY_FOR_APOPTOSIS	29	0.568943105689431	0.431156884311569	0.691430856914309	1	0.868349393874172
REACTOME_GOLGI_ASSOCIATED_VESICLE_BIOGENESIS	52	0.57004299570043	0.43005699430057	0.222177782221778	1	0.868349393874172
REACTOME_DIABETES_PATHWAYS	117	0.574242575742426	0.425957404259574	0.744425557444256	1	0.872877369227734
miR-214/761/3619-5p	2	0.577242275772423	0.422857714228577	0.727527247275273	1	0.872877369227734
REACTOME_PYRIMIDINE_METABOLISM	21	0.577342265773423	0.422757724227577	0.796520347965203	1	0.872877369227734
REACTOME_TRIGLYCERIDE_BIOSYNTHESIS	38	0.580741925807419	0.419358064193581	0.452054794520548	1	0.872877369227734
REACTOME_XENOBIOTICS	8	0.582441755824418	0.417758224177582	0.822517748225178	1	0.872877369227734
REACTOME_MRNA_DECAY_BY_5_TO_3_EXORIBONUCLEASE	14	0.582541745825418	0.417558244175582	0.668533146685331	1	0.872877369227734
REACTOME_TRNA_AMINOACYLATION	42	0.583041695830417	0.417058294170583	0.983401659834017	1	0.872877369227734
REACTOME_RESPONSE_TO_ELEVATED_PLATELET_CYTOSOLIC_CA2_	73	0.583841615838416	0.416258374162584	0.748925107489251	1	0.872877369227734
REACTOME_GAP_JUNCTION_ASSEMBLY	14	0.583941605839416	0.416158384161584	0.661533846615338	1	0.872877369227734
REACTOME_GLYCOGEN_BREAKDOWN_GLYCOGENOLYSIS	16	0.586141385861414	0.413958604139586	0.996100389961004	1	0.874347834926051
REACTOME_PROSTANOID_LIGAND_RECEPTORS	9	0.589041095890411	0.411058894110589	0.816018398160184	1	0.876854136532517
REACTOME_ABORTIVE_ELONGATION_OF_HIV1_TRANSCRIPT_IN_THE_ABSENCE_OF_TAT	23	0.593840615938406	0.406259374062594	0.220677932206779	1	0.879803003306227
REACTOME_PRE_NOTCH_PROCESSING_IN_GOLGI	16	0.595240475952405	0.404859514048595	0.202879712028797	1	0.879803003306227
REACTOME_APC_CDC20_MEDIATED_DEGRADATION_OF_NEK2A	21	0.596240375962404	0.403859614038596	0.375862413758624	1	0.879803003306227
REACTOME_RNA_POL_III_TRANSCRIPTION_INITIATION_FROM_TYPE_3_PROMOTER	26	0.596940305969403	0.403159684031597	0.654034596540346	1	0.879803003306227
REACTOME_TRANSPORT_OF_GLUCOSE_AND_OTHER_SUGARS_BILE_SALTS_AND_ORGANIC_ACIDS_METAL_IONS_AND_AMINE_COMPOUNDS	64	0.597140285971403	0.402959704029597	0.780821917808219	1	0.879803003306227
REACTOME_PHOSPHOLIPID_METABOLISM	179	0.5999400059994	0.4001599840016	0.709429057094291	1	0.882120376919363
REACTOME_GAP_JUNCTION_TRAFFICKING	23	0.606939306069393	0.393160683931607	0.50994900509949	1	0.887682489236106
REACTOME_GLUCONEOGENESIS	28	0.607539246075392	0.392560743925607	0.360863913608639	1	0.887682489236106
REACTOME_RNA_POL_II_TRANSCRIPTION_PRE_INITIATION_AND_PROMOTER_OPENING	40	0.608639136086391	0.391460853914609	0.747425257474253	1	0.887682489236106
REACTOME_CD28_CO_STIMULATION	31	0.611538846115388	0.388561143885611	0.180581941805819	1	0.887682489236106
REACTOME_ANTIGEN_PROCESSING_UBIQUITINATION_PROTEASOME_DEGRADATION	190	0.613738626137386	0.386361363863614	0.0991900809919008	1	0.887682489236106
REACTOME_SYNTHESIS_OF_GLYCOSYLPHOSPHATIDYLINOSITOL_GPI	17	0.613738626137386	0.386361363863614	0.722027797220278	1	0.887682489236106
REACTOME_CHOLESTEROL_BIOSYNTHESIS	22	0.614238576142386	0.385861413858614	0.998400159984002	1	0.887682489236106
REACTOME_SYNTHESIS_OF_PIPS_AT_THE_PLASMA_MEMBRANE	29	0.614838516148385	0.385261473852615	0.981901809819018	1	0.887682489236106
REACTOME_HDL_MEDIATED_LIPID_TRANSPORT	14	0.616938306169383	0.383261673832617	0.651334866513349	1	0.887682489236106
REACTOME_MRNA_DECAY_BY_3_TO_5_EXORIBONUCLEASE	11	0.617438256174383	0.382661733826617	0.876412358764124	1	0.887682489236106
REACTOME_CONVERSION_FROM_APC_C_CDC20_TO_APC_C_CDH1_IN_LATE_ANAPHASE	16	0.618238176182382	0.381961803819618	0.452154784521548	1	0.887682489236106
REACTOME_AMINO_ACID_SYNTHESIS_AND_INTERCONVERSION_TRANSAMINATION	16	0.618538146185381	0.381561843815618	0.58024197580242	1	0.887682489236106
REACTOME_METABOLISM_OF_LIPIDS_AND_LIPOPROTEINS	421	0.624837516248375	0.375262473752625	0.698630136986301	1	0.890703617385297
REACTOME_RNA_POL_III_TRANSCRIPTION_TERMINATION	19	0.625037496250375	0.375062493750625	0.611338866113389	1	0.890703617385297
REACTOME_PYRUVATE_METABOLISM_AND_CITRIC_ACID_TCA_CYCLE	40	0.625537446255374	0.374562543745625	0.995700429957004	1	0.890703617385297
REACTOME_THE_ACTIVATION_OF_ARYLSULFATASES	9	0.626637336266373	0.373562643735626	0.363563643635636	1	0.890703617385297
REACTOME_UNFOLDED_PROTEIN_RESPONSE	76	0.626837316268373	0.373262673732627	0.608339166083392	1	0.890703617385297
REACTOME_NA_CL_DEPENDENT_NEUROTRANSMITTER_TRANSPORTERS	7	0.628637136286371	0.371462853714629	0.752024797520248	1	0.891499212997832
REACTOME_PURINE_METABOLISM	30	0.631336866313369	0.368763123687631	0.764023597640236	1	0.892034718096818
REACTOME_SYNTHESIS_OF_PA	22	0.631736826317368	0.368363163683632	0.366963303669633	1	0.892034718096818
REACTOME_ABACAVIR_TRANSPORT_AND_METABOLISM	7	0.632736726327367	0.367363263673633	0.919408059194081	1	0.892034718096818
REACTOME_ACTIVATED_TLR4_SIGNALLING	89	0.638236176382362	0.361863813618638	0.380761923807619	1	0.898027027042893
REACTOME_KERATAN_SULFATE_KERATIN_METABOLISM	28	0.645135486451355	0.354964503549645	0.770722927707229	1	0.905373859501209
REACTOME_IL1_SIGNALING	38	0.646835316468353	0.353264673532647	0.408359164083592	1	0.905373859501209
REACTOME_APOPTOSIS	137	0.647235276472353	0.352864713528647	0.222677732226777	1	0.905373859501209
REACTOME_APC_C_CDC20_MEDIATED_DEGRADATION_OF_CYCLIN_B	19	0.64993500649935	0.35016498350165	0.263473652634737	1	0.907384989656374
REACTOME_GABA_SYNTHESIS_RELEASE_REUPTAKE_AND_DEGRADATION	13	0.651534846515348	0.348665133486651	0.652334766523348	1	0.907855726055301
REACTOME_HIV_INFECTION	192	0.653634636536346	0.346465353464654	0.257974202579742	1	0.909019929728497
REACTOME_NUCLEOTIDE_LIKE_PURINERGIC_RECEPTORS	16	0.657334266573343	0.342765723427657	0.33956604339566	1	0.912400265764929
REACTOME_POST_TRANSLATIONAL_PROTEIN_MODIFICATION	160	0.659034096590341	0.341065893410659	0.763223677632237	1	0.912997139592399
REACTOME_TERMINATION_OF_O_GLYCAN_BIOSYNTHESIS	11	0.662233776622338	0.337866213378662	0.27957204279572	1	0.915149943738831
REACTOME_ACTIVATION_OF_GENES_BY_ATF4	23	0.663133686631337	0.336966303369663	0.64973502649735	1	0.915149943738831
REACTOME_MUSCLE_CONTRACTION	37	0.667633236676332	0.332466753324668	0.873212678732127	1	0.919594439023531
REACTOME_AKT_PHOSPHORYLATES_TARGETS_IN_THE_CYTOSOL	12	0.66973302669733	0.33036696330367	0.67023297670233	1	0.920722841673768
REACTOME_CD28_DEPENDENT_VAV1_PATHWAY	11	0.671432856714329	0.328667133286671	0.578642135786421	1	0.921298137361836
REACTOME_LIPOPROTEIN_METABOLISM	24	0.674832516748325	0.325267473252675	0.36956304369563	1	0.924199199127706
REACTOME_MEMBRANE_TRAFFICKING	123	0.682031796820318	0.318268173182682	0.415058494150585	1	0.931468902445619
REACTOME_ASSEMBLY_OF_THE_PRE_REPLICATIVE_COMPLEX	62	0.682731726827317	0.317368263173683	0.307669233076692	1	0.931468902445619
REACTOME_PYRIMIDINE_CATABOLISM	9	0.687031296870313	0.313068693130687	0.816318368163184	1	0.935559663730597
REACTOME_ACTIVATION_OF_CHAPERONE_GENES_BY_XBP1S	45	0.68993100689931	0.31016898310169	0.545045495450455	1	0.937732313725149
REACTOME_ORC1_REMOVAL_FROM_CHROMATIN	64	0.695430456954305	0.304669533046695	0.257374262573743	1	0.941646889924943
REACTOME_POST_TRANSLATIONAL_MODIFICATION_SYNTHESIS_OF_GPI_ANCHORED_PROTEINS	26	0.695430456954305	0.304669533046695	0.909009099090091	1	0.941646889924943
REACTOME_CITRIC_ACID_CYCLE_TCA_CYCLE	19	0.698430156984302	0.301669833016698	0.976002399760024	1	0.943930982841565
REACTOME_REGULATION_OF_MITOTIC_CELL_CYCLE	76	0.703529647035297	0.296570342965703	0.248875112488751	1	0.949039054818721
REACTOME_ALPHA_LINOLENIC_ACID_ALA_METABOLISM	11	0.708329167083292	0.291770822917708	0.62953704629537	1	0.952344578626249
REACTOME_SYNTHESIS_OF_VERY_LONG_CHAIN_FATTY_ACYL_COAS	14	0.708629137086291	0.291470852914709	0.262073792620738	1	0.952344578626249
REACTOME_RNA_POL_III_CHAIN_ELONGATION	17	0.711328867113289	0.288771122887711	0.628737126287371	1	0.954189282564281
REACTOME_IL_2_SIGNALING	37	0.715828417158284	0.284371562843716	0.706829317068293	1	0.958436930981017
REACTOME_METABOLISM_OF_NUCLEOTIDES	67	0.721527847215279	0.278572142785721	0.864713528647135	1	0.964107840602261
REACTOME_NOD1_2_SIGNALING_PATHWAY	29	0.723927607239276	0.276172382761724	0.260673932606739	1	0.964107840602261
REACTOME_REGULATION_OF_MRNA_STABILITY_BY_PROTEINS_THAT_BIND_AU_RICH_ELEMENTS	80	0.724427557244276	0.275672432756724	0.392460753924608	1	0.964107840602261
REACTOME_VIRAL_MESSENGER_RNA_SYNTHESIS	14	0.725427457254275	0.274672532746725	0.186181381861814	1	0.964107840602261
REACTOME_GLUCURONIDATION	3	0.728227177282272	0.271972802719728	0.803019698030197	1	0.9660019319169
REACTOME_ASPARAGINE_N_LINKED_GLYCOSYLATION	77	0.73032696730327	0.26977302269773	0.501549845015498	1	0.9660019319169
REACTOME_REGULATION_OF_SIGNALING_BY_CBL	18	0.731726827317268	0.268373162683732	0.209279072092791	1	0.9660019319169
REACTOME_REGULATION_OF_IFNG_SIGNALING	12	0.732226777322268	0.267873212678732	0.904409559044096	1	0.9660019319169
REACTOME_BOTULINUM_NEUROTOXICITY	18	0.735826417358264	0.264473552644736	0.647935206479352	1	0.968972882931487
REACTOME_G_ALPHA_I_SIGNALLING_EVENTS	133	0.73982601739826	0.26027397260274	0.101989801019898	1	0.97186485730989
REACTOME_SIGNALING_BY_WNT	62	0.740725927407259	0.259374062593741	0.434356564343566	1	0.97186485730989
REACTOME_HORMONE_SENSITIVE_LIPASE_HSL_MEDIATED_TRIACYLGLYCEROL_HYDROLYSIS	11	0.743325667433257	0.256774322567743	0.992900709929007	1	0.973499371374338
REACTOME_GPCR_LIGAND_BINDING	258	0.744725527447255	0.255374462553745	0.518248175182482	1	0.973559371335594
REACTOME_HOST_INTERACTIONS_OF_HIV_FACTORS	119	0.747725227477252	0.252374762523748	0.0940905909409059	1	0.975706785038374
REACTOME_BASE_EXCISION_REPAIR	18	0.749425057494251	0.250674932506749	0.792020797920208	1	0.976153290468055
REACTOME_PROTEOLYTIC_CLEAVAGE_OF_SNARE_COMPLEX_PROTEINS	16	0.756024397560244	0.244075592440756	0.541645835416458	1	0.981931662948813
REACTOME_SYNTHESIS_AND_INTERCONVERSION_OF_NUCLEOTIDE_DI_AND_TRIPHOSPHATES	19	0.756924307569243	0.243175682431757	0.726227377262274	1	0.981931662948813
REACTOME_DOWNSTREAM_SIGNALING_EVENTS_OF_B_CELL_RECEPTOR_BCR	91	0.758824117588241	0.241275872412759	0.0753924607539246	1	0.981931662948813
REACTOME_LYSOSOME_VESICLE_BIOGENESIS	23	0.759324067593241	0.240775922407759	0.105689431056894	1	0.981931662948813
REACTOME_TRYPTOPHAN_CATABOLISM	9	0.765423457654235	0.234676532346765	0.054994500549945	1	0.984574592186172
REACTOME_TANDEM_PORE_DOMAIN_POTASSIUM_CHANNELS	8	0.765623437656234	0.234476552344766	0.21977802219778	1	0.984574592186172
REACTOME_KERATAN_SULFATE_BIOSYNTHESIS	24	0.76952304769523	0.230576942305769	0.833816618338166	1	0.984574592186172
REACTOME_PURINE_CATABOLISM	8	0.77022297770223	0.22987701229877	0.252374762523748	1	0.984574592186172
REACTOME_PEROXISOMAL_LIPID_METABOLISM	20	0.770522947705229	0.22957704229577	0.926607339266073	1	0.984574592186172
REACTOME_CLASS_I_MHC_MEDIATED_ANTIGEN_PROCESSING_PRESENTATION	227	0.770822917708229	0.229277072292771	0.0245975402459754	1	0.984574592186172
REACTOME_BILE_SALT_AND_ORGANIC_ANION_SLC_TRANSPORTERS	9	0.771122887711229	0.228977102289771	0.751624837516248	1	0.984574592186172
REACTOME_ABC_FAMILY_PROTEINS_MEDIATED_TRANSPORT	28	0.772322767723228	0.227777222277772	0.921307869213079	1	0.984574592186172
REACTOME_LIPID_DIGESTION_MOBILIZATION_AND_TRANSPORT	36	0.774522547745225	0.225577442255774	0.883111688831117	1	0.985287160329903
REACTOME_P2Y_RECEPTORS	12	0.775622437756224	0.224477552244776	0.473052694730527	1	0.985287160329903
REACTOME_TAK1_ACTIVATES_NFKB_BY_PHOSPHORYLATION_AND_ACTIVATION_OF_IKKS_COMPLEX	22	0.779222077792221	0.220877912208779	0.309369063093691	1	0.987007285186974
REACTOME_COPI_MEDIATED_TRANSPORT	10	0.77972202779722	0.22047795220478	0.407759224077592	1	0.987007285186974
REACTOME_SIGNALING_BY_ILS	101	0.783621637836216	0.216578342165783	0.425957404259574	1	0.990200276984604
REACTOME_NRIF_SIGNALS_CELL_DEATH_FROM_THE_NUCLEUS	13	0.786221377862214	0.213878612138786	0.581341865813419	1	0.991390528197618
REACTOME_RESOLUTION_OF_AP_SITES_VIA_THE_SINGLE_NUCLEOTIDE_REPLACEMENT_PATHWAY	11	0.787321267873213	0.212778722127787	0.483851614838516	1	0.991390528197618
REACTOME_RESOLUTION_OF_AP_SITES_VIA_THE_MULTIPLE_NUCLEOTIDE_PATCH_REPLACEMENT_PATHWAY	16	0.79002099790021	0.21007899210079	0.626437356264374	1	0.991573507009161
REACTOME_APC_C_CDH1_MEDIATED_DEGRADATION_OF_CDC20_AND_OTHER_APC_C_CDH1_TARGETED_PROTEINS_IN_LATE_MITOSIS_EARLY_G1	63	0.793520647935206	0.206579342065793	0.185481451854815	1	0.991573507009161
REACTOME_CDT1_ASSOCIATION_WITH_THE_CDC6_ORC_ORIGIN_COMPLEX	53	0.793820617938206	0.206279372062794	0.24017598240176	1	0.991573507009161
REACTOME_ADVANCED_GLYCOSYLATION_ENDPRODUCT_RECEPTOR_SIGNALING	12	0.793820617938206	0.206279372062794	0.873012698730127	1	0.991573507009161
REACTOME_MITOCHONDRIAL_FATTY_ACID_BETA_OXIDATION	13	0.795220477952205	0.204879512048795	0.305469453054695	1	0.991573507009161
REACTOME_APC_C_CDC20_MEDIATED_DEGRADATION_OF_MITOTIC_PROTEINS	64	0.797020297970203	0.203079692030797	0.248575142485751	1	0.991573507009161
REACTOME_CYCLIN_E_ASSOCIATED_EVENTS_DURING_G1_S_TRANSITION_	62	0.797120287971203	0.202979702029797	0.264273572642736	1	0.991573507009161
REACTOME_SYNTHESIS_OF_BILE_ACIDS_AND_BILE_SALTS_VIA_24_HYDROXYCHOLESTEROL	7	0.800919908009199	0.199280071992801	0.926707329267073	1	0.993674560502783
REACTOME_ENDOGENOUS_STEROLS	12	0.802519748025197	0.197580241975802	0.682231776822318	1	0.993674560502783
REACTOME_ANTIGEN_ACTIVATES_B_CELL_RECEPTOR_LEADING_TO_GENERATION_OF_SECOND_MESSENGERS	29	0.803819618038196	0.196280371962804	0.348965103489651	1	0.993674560502783
REACTOME_ANTIGEN_PRESENTATION_FOLDING_ASSEMBLY_AND_PEPTIDE_LOADING_OF_CLASS_I_MHC	20	0.805419458054195	0.194680531946805	0.212978702129787	1	0.993674560502783
REACTOME_CYTOSOLIC_SULFONATION_OF_SMALL_MOLECULES	11	0.805719428057194	0.194380561943806	0.272772722727727	1	0.993674560502783
REACTOME_SIGNALING_BY_THE_B_CELL_RECEPTOR_BCR	120	0.810618938106189	0.189481051894811	0.0666933306669333	1	0.997900209979002
REACTOME_APOBEC3G_MEDIATED_RESISTANCE_TO_HIV1_INFECTION	5	0.812118788121188	0.187981201879812	0.702429757024298	1	0.997900209979002
REACTOME_MITOCHONDRIAL_PROTEIN_IMPORT	50	0.813518648135186	0.186581341865813	0.938006199380062	1	0.997900209979002
REACTOME_METABOLISM_OF_RNA	253	0.816918308169183	0.183181681831817	0.228177182281772	0.990282926594559	0.997900209979002
REACTOME_IL_RECEPTOR_SHC_SIGNALING	23	0.818018198180182	0.182081791820818	0.83971602839716	0.990282926594559	0.997900209979002
REACTOME_TOLL_RECEPTOR_CASCADES	112	0.818918108189181	0.181181881811819	0.150984901509849	0.990282926594559	0.997900209979002
REACTOME_GPVI_MEDIATED_ACTIVATION_CASCADE	31	0.823417658234177	0.176682331766823	0.552044795520448	0.977189204156507	0.997900209979002
REACTOME_SCFSKP2_MEDIATED_DEGRADATION_OF_P27_P21	53	0.824917508249175	0.175182481751825	0.187281271872813	0.976404685112884	0.997900209979002
REACTOME_PURINE_SALVAGE	12	0.824917508249175	0.175182481751825	0.700629937006299	0.976404685112884	0.997900209979002
REACTOME_TRAF6_MEDIATED_IRF7_ACTIVATION	17	0.828317168283172	0.171782821717828	0.0232976702329767	0.972534242638728	0.997900209979002
REACTOME_TRAF3_DEPENDENT_IRF_ACTIVATION_PATHWAY	13	0.830716928307169	0.169383061693831	0.0535946405359464	0.966558899665589	0.997900209979002
REACTOME_P53_INDEPENDENT_G1_S_DNA_DAMAGE_CHECKPOINT	47	0.832616738326167	0.167483251674833	0.162683731626837	0.963363663633637	0.997900209979002
REACTOME_REGULATION_OF_APOPTOSIS	55	0.836116388361164	0.163983601639836	0.261473852614739	0.950840399830985	0.997900209979002
REACTOME_IL_3_5_AND_GM_CSF_SIGNALING	39	0.836816318368163	0.163283671632837	0.443655634436556	0.950840399830985	0.997900209979002
REACTOME_RECYCLING_OF_BILE_ACIDS_AND_SALTS	4	0.837216278372163	0.162883711628837	0.733126687331267	0.950840399830985	0.997900209979002
REACTOME_REGULATION_OF_COMPLEMENT_CASCADE	12	0.842215778422158	0.157884211578842	0.0677932206779322	0.938171472108987	0.997900209979002
REACTOME_BASE_FREE_SUGAR_PHOSPHATE_REMOVAL_VIA_THE_SINGLE_NUCLEOTIDE_REPLACEMENT_PATHWAY	9	0.842915708429157	0.157184281571843	0.192380761923808	0.938171472108987	0.997900209979002
REACTOME_DESTABILIZATION_OF_MRNA_BY_AUF1_HNRNP_D0	49	0.844415558444156	0.155684431556844	0.197280271972803	0.938171472108987	0.997900209979002
REACTOME_SCF_BETA_TRCP_MEDIATED_DEGRADATION_OF_EMI1	48	0.844715528447155	0.155384461553845	0.191580841915808	0.938171472108987	0.997900209979002
REACTOME_CDK_MEDIATED_PHOSPHORYLATION_AND_REMOVAL_OF_CDC6	45	0.846715328467153	0.153384661533847	0.168283171682832	0.938171472108987	0.997900209979002
REACTOME_INCRETIN_SYNTHESIS_SECRETION_AND_INACTIVATION	13	0.848215178482152	0.151884811518848	0.238476152384762	0.938171472108987	0.997900209979002
REACTOME_SYNTHESIS_SECRETION_AND_INACTIVATION_OF_GLP1	13	0.848215178482152	0.151884811518848	0.238476152384762	0.938171472108987	0.997900209979002
REACTOME_ORGANIC_CATION_ANION_ZWITTERION_TRANSPORT	8	0.85031496850315	0.14978502149785	0.548645135486451	0.938171472108987	0.997900209979002
REACTOME_COSTIMULATION_BY_THE_CD28_FAMILY	61	0.851714828517148	0.148385161483852	0.278472152784722	0.938171472108987	0.997900209979002
REACTOME_ADAPTIVE_IMMUNE_SYSTEM	497	0.854914508549145	0.145185481451855	0.0216978302169783	0.932038938963246	0.997900209979002
REACTOME_P53_DEPENDENT_G1_DNA_DAMAGE_RESPONSE	52	0.854914508549145	0.145185481451855	0.155784421557844	0.932038938963246	0.997900209979002
REACTOME_METABOLISM_OF_VITAMINS_AND_COFACTORS	49	0.855614438556144	0.144485551444856	0.290970902909709	0.932038938963246	0.997900209979002
REACTOME_TCR_SIGNALING	50	0.856414358564144	0.143685631436856	0.117188281171883	0.932038938963246	0.997900209979002
REACTOME_TRAF6_MEDIATED_INDUCTION_OF_TAK1_COMPLEX	13	0.856714328567143	0.143485651434857	0.316468353164684	0.932038938963246	0.997900209979002
REACTOME_AUTODEGRADATION_OF_THE_E3_UBIQUITIN_LIGASE_COP1	46	0.860913908609139	0.139186081391861	0.144885511448855	0.932038938963246	0.997900209979002
REACTOME_CROSS_PRESENTATION_OF_SOLUBLE_EXOGENOUS_ANTIGENS_ENDOSOMES	46	0.861813818618138	0.138286171382862	0.18008199180082	0.932038938963246	0.997900209979002
REACTOME_CYTOKINE_SIGNALING_IN_IMMUNE_SYSTEM	240	0.862713728627137	0.137386261373863	0.0291970802919708	0.932038938963246	0.997900209979002
REACTOME_OXYGEN_DEPENDENT_PROLINE_HYDROXYLATION_OF_HYPOXIA_INDUCIBLE_FACTOR_ALPHA	16	0.866313368663134	0.133886611338866	0.58034196580342	0.925619938006199	0.997900209979002
REACTOME_REGULATION_OF_ORNITHINE_DECARBOXYLASE_ODC	47	0.86981301869813	0.13028697130287	0.188381161883812	0.90947895501712	0.997900209979002
REACTOME_CHYLOMICRON_MEDIATED_LIPID_TRANSPORT	13	0.872712728727127	0.127387261273873	0.118388161183882	0.897955302508965	0.997900209979002
REACTOME_ACTIVATION_OF_NF_KAPPAB_IN_B_CELLS	60	0.872912708729127	0.127187281271873	0.047995200479952	0.897955302508965	0.997900209979002
REACTOME_CLASS_A1_RHODOPSIN_LIKE_RECEPTORS	181	0.874612538746125	0.125487451254875	0.362563743625637	0.897955302508965	0.997900209979002
REACTOME_INFLUENZA_LIFE_CYCLE	134	0.874812518748125	0.125287471252875	0.0999900009999	0.897955302508965	0.997900209979002
miR-7/7ab	3	0.877312268773123	0.122787721227877	0.247675232476752	0.897955302508965	0.997900209979002
REACTOME_AUTODEGRADATION_OF_CDH1_BY_CDH1_APC_C	56	0.877812218778122	0.122287771222878	0.16018398160184	0.897955302508965	0.997900209979002
REACTOME_GENERATION_OF_SECOND_MESSENGER_MOLECULES	26	0.878612138786121	0.121487851214879	0.254274572542746	0.897955302508965	0.997900209979002
REACTOME_IMMUNE_SYSTEM	806	0.879012098790121	0.121087891210879	0.013998600139986	0.897955302508965	0.997900209979002
REACTOME_COMPLEMENT_CASCADE	21	0.881011898810119	0.119188081191881	0.124387561243876	0.897955302508965	0.997900209979002
REACTOME_INTERFERON_SIGNALING	139	0.884211578842116	0.115888411158884	0.033996600339966	0.895954490572448	0.997900209979002
REACTOME_DIGESTION_OF_DIETARY_CARBOHYDRATE	5	0.889111088891111	0.111088891110889	0.48005199480052	0.868183833790534	0.997900209979002
REACTOME_CREATION_OF_C4_AND_C2_ACTIVATORS	5	0.88971102889711	0.11048895110489	0.0858914108589141	0.868183833790534	0.997900209979002
REACTOME_INSULIN_RECEPTOR_RECYCLING	20	0.890810918908109	0.109289071092891	0.593640635936406	0.868183833790534	0.997900209979002
REACTOME_NUCLEOTIDE_BINDING_DOMAIN_LEUCINE_RICH_REPEAT_CONTAINING_RECEPTOR_NLR_SIGNALING_PATHWAYS	44	0.891010898910109	0.109089091090891	0.0422957704229577	0.868183833790534	0.997900209979002
REACTOME_REGULATION_OF_IFNA_SIGNALING	11	0.892210778922108	0.107889211078892	0.653934606539346	0.868183833790534	0.997900209979002
REACTOME_GLYCEROPHOSPHOLIPID_BIOSYNTHESIS	74	0.894710528947105	0.105389461053895	0.698730126987301	0.868183833790534	0.997900209979002
REACTOME_METABOLISM_OF_MRNA	208	0.895110488951105	0.104989501049895	0.218878112188781	0.868183833790534	0.997900209979002
REACTOME_CYTOCHROME_P450_ARRANGED_BY_SUBSTRATE_TYPE	35	0.895710428957104	0.104389561043896	0.716628337166283	0.868183833790534	0.997900209979002
REACTOME_BRANCHED_CHAIN_AMINO_ACID_CATABOLISM	17	0.895810418958104	0.104289571042896	0.435056494350565	0.868183833790534	0.997900209979002
REACTOME_STRIATED_MUSCLE_CONTRACTION	19	0.897210278972103	0.102989701029897	0.628037196280372	0.868183833790534	0.997900209979002
REACTOME_ENDOSOMAL_SORTING_COMPLEX_REQUIRED_FOR_TRANSPORT_ESCRT	26	0.898210178982102	0.101889811018898	0.798120187981202	0.868183833790534	0.997900209979002
REACTOME_BINDING_AND_ENTRY_OF_HIV_VIRION	4	0.902009799020098	0.0982901709829017	0.575042495750425	0.868183833790534	0.997900209979002
REACTOME_SIGNAL_REGULATORY_PROTEIN_SIRP_FAMILY_INTERACTIONS	12	0.904609539046095	0.0954904509549045	0.608939106089391	0.858220427957204	0.997900209979002
REACTOME_VIF_MEDIATED_DEGRADATION_OF_APOBEC3G	48	0.906409359064094	0.0936906309369063	0.144485551444856	0.852703337261211	0.997900209979002
REACTOME_PHOSPHORYLATION_OF_CD3_AND_TCR_ZETA_CHAINS	15	0.908309169083092	0.0917908209179082	0.0792920707929207	0.846123079999692	0.997900209979002
REACTOME_DOWNSTREAM_TCR_SIGNALING	33	0.912608739126087	0.0874912508749125	0.0213978602139786	0.816963758169638	0.997900209979002
REACTOME_NONSENSE_MEDIATED_DECAY_ENHANCED_BY_THE_EXON_JUNCTION_COMPLEX	105	0.915608439156084	0.0844915508449155	0.183481651834817	0.799334540230188	0.997900209979002
REACTOME_TRANSLOCATION_OF_ZAP_70_TO_IMMUNOLOGICAL_SYNAPSE	13	0.915708429157084	0.0843915608439156	0.128687131286871	0.799334540230188	0.997900209979002
REACTOME_METABOLISM_OF_PROTEINS	401	0.916608339166083	0.0834916508349165	0.551844815518448	0.799334540230188	0.997900209979002
REACTOME_MEMBRANE_BINDING_AND_TARGETTING_OF_GAG_PROTEINS	9	0.917408259174083	0.0827917208279172	0.229477052294771	0.799334540230188	0.997900209979002
REACTOME_STEROID_HORMONES	21	0.91950804919508	0.0805919408059194	0.291770822917708	0.799334540230188	0.997900209979002
REACTOME_ENDOSOMAL_VACUOLAR_PATHWAY	8	0.91960803919608	0.0804919508049195	0.0264973502649735	0.799334540230188	0.997900209979002
REACTOME_SYNTHESIS_SECRETION_AND_INACTIVATION_OF_GIP	9	0.921907809219078	0.0781921807819218	0.361263873612639	0.799334540230188	0.997900209979002
REACTOME_SYNTHESIS_SECRETION_AND_DEACYLATION_OF_GHRELIN	12	0.922207779222078	0.0778922107789221	0.636036396360364	0.799334540230188	0.997900209979002
REACTOME_P75NTR_RECRUITS_SIGNALLING_COMPLEXES	10	0.922407759224078	0.0776922307769223	0.747225277472253	0.799334540230188	0.997900209979002
REACTOME_TCA_CYCLE_AND_RESPIRATORY_ELECTRON_TRANSPORT	116	0.924607539246075	0.0754924507549245	0.45995400459954	0.799334540230188	0.997900209979002
REACTOME_IRON_UPTAKE_AND_TRANSPORT	34	0.926607339266073	0.0734926507349265	0.37956204379562	0.799334540230188	0.997900209979002
REACTOME_NEF_MEDIATES_DOWN_MODULATION_OF_CELL_SURFACE_RECEPTORS_BY_RECRUITING_THEM_TO_CLATHRIN_ADAPTERS	20	0.926707329267073	0.0733926607339266	0.319468053194681	0.799334540230188	0.997900209979002
REACTOME_PD1_SIGNALING	17	0.928007199280072	0.0720927907209279	0.148285171482852	0.799334540230188	0.997900209979002
REACTOME_PEPTIDE_LIGAND_BINDING_RECEPTORS	105	0.929407059294071	0.0706929307069293	0.0456954304569543	0.799334540230188	0.997900209979002
REACTOME_THE_ROLE_OF_NEF_IN_HIV1_REPLICATION_AND_DISEASE_PATHOGENESIS	27	0.931606839316068	0.0684931506849315	0.199280071992801	0.794299602297835	0.997900209979002
REACTOME_FORMATION_OF_ATP_BY_CHEMIOSMOTIC_COUPLING	13	0.932406759324068	0.0676932306769323	0.276972302769723	0.794299602297835	0.997900209979002
REACTOME_RESPIRATORY_ELECTRON_TRANSPORT	65	0.932506749325067	0.0675932406759324	0.243475652434757	0.794299602297835	0.997900209979002
REACTOME_ACTIVATION_OF_THE_MRNA_UPON_BINDING_OF_THE_CAP_BINDING_COMPLEX_AND_EIFS_AND_SUBSEQUENT_BINDING_TO_43S	56	0.937206279372063	0.0628937106289371	0.192780721927807	0.766450473596708	0.997900209979002
REACTOME_RESPIRATORY_ELECTRON_TRANSPORT_ATP_SYNTHESIS_BY_CHEMIOSMOTIC_COUPLING_AND_HEAT_PRODUCTION_BY_UNCOUPLING_PROTEINS_	80	0.937206279372063	0.0628937106289371	0.216578342165783	0.766450473596708	0.997900209979002
REACTOME_3_UTR_MEDIATED_TRANSLATIONAL_REGULATION	104	0.93950604939506	0.0605939406059394	0.18038196180382	0.764334092906499	0.997900209979002
REACTOME_TRANSFERRIN_ENDOCYTOSIS_AND_RECYCLING	23	0.93970602939706	0.0603939606039396	0.851214878512149	0.764334092906499	0.997900209979002
REACTOME_PEPTIDE_CHAIN_ELONGATION	84	0.944005599440056	0.0560943905609439	0.159484051594841	0.733306669333067	0.997900209979002
REACTOME_INFLUENZA_VIRAL_RNA_TRANSCRIPTION_AND_REPLICATION	100	0.946805319468053	0.0532946705329467	0.13018698130187	0.709608668762753	0.997900209979002
REACTOME_ANDROGEN_BIOSYNTHESIS	7	0.946805319468053	0.0532946705329467	0.175982401759824	0.709608668762753	0.997900209979002
REACTOME_METABOLISM_OF_POLYAMINES	15	0.946905309469053	0.0531946805319468	0.735626437356264	0.709608668762753	0.997900209979002
REACTOME_FORMATION_OF_THE_TERNARY_COMPLEX_AND_SUBSEQUENTLY_THE_43S_COMPLEX	48	0.948705129487051	0.0513948605139486	0.146685331466853	0.709608668762753	0.997900209979002
REACTOME_ER_PHAGOSOME_PATHWAY	57	0.949005099490051	0.0510948905109489	0.0450954904509549	0.709608668762753	0.997900209979002
REACTOME_TRAF6_MEDIATED_IRF7_ACTIVATION_IN_TLR7_8_OR_9_SIGNALING	9	0.951904809519048	0.0481951804819518	0.484751524847515	0.707190505439252	0.997900209979002
REACTOME_ACYL_CHAIN_REMODELLING_OF_PC	15	0.952004799520048	0.0480951904809519	0.233976602339766	0.707190505439252	0.997900209979002
REACTOME_INNATE_IMMUNE_SYSTEM	202	0.952204779522048	0.0478952104789521	0.0266973302669733	0.707190505439252	0.997900209979002
REACTOME_TRANSLATION	145	0.952904709529047	0.0471952804719528	0.226477352264774	0.707190505439252	0.997900209979002
REACTOME_METABOLISM_OF_STEROID_HORMONES_AND_VITAMINS_A_AND_D	23	0.954304569543046	0.0457954204579542	0.307869213078692	0.707190505439252	0.997900209979002
REACTOME_ANTIGEN_PROCESSING_CROSS_PRESENTATION	71	0.958504149585041	0.0415958404159584	0.0148985101489851	0.679713846797138	0.997900209979002
REACTOME_THE_NLRP3_INFLAMMASOME	11	0.958604139586041	0.0414958504149585	0.0011998800119988	0.679713846797138	0.997900209979002
REACTOME_INFLAMMASOMES	16	0.959304069593041	0.0407959204079592	0.0166983301669833	0.679713846797138	0.997900209979002
REACTOME_P75NTR_SIGNALS_VIA_NFKB	12	0.961303869613039	0.0387961203879612	0.56964303569643	0.679713846797138	0.997900209979002
REACTOME_IL_7_SIGNALING	11	0.962303769623038	0.0377962203779622	0.486651334866513	0.679387061293871	0.997900209979002
REACTOME_EXTRINSIC_PATHWAY_FOR_APOPTOSIS	13	0.962403759624038	0.0376962303769623	0.291070892910709	0.679387061293871	0.997900209979002
REACTOME_ACYL_CHAIN_REMODELLING_OF_PG	9	0.964503549645035	0.0355964403559644	0.0871912808719128	0.673522121472063	0.997900209979002
REACTOME_INTERFERON_ALPHA_BETA_SIGNALING	49	0.968403159684032	0.0316968303169683	0.0761923807619238	0.615946513456762	0.997900209979002
REACTOME_INITIAL_TRIGGERING_OF_COMPLEMENT	10	0.96970302969703	0.0303969603039696	0.0321967803219678	0.607094846070948	0.997900209979002
REACTOME_TRAF6_MEDIATED_NFKB_ACTIVATION	20	0.96990300969903	0.0301969803019698	0.0955904409559044	0.607094846070948	0.997900209979002
REACTOME_BILE_ACID_AND_BILE_SALT_METABOLISM	17	0.96990300969903	0.0301969803019698	0.971802819718028	0.607094846070948	0.997900209979002
REACTOME_SRP_DEPENDENT_COTRANSLATIONAL_PROTEIN_TARGETING_TO_MEMBRANE	108	0.97040295970403	0.0296970302969703	0.135386461353865	0.607094846070948	0.997900209979002
REACTOME_IMMUNOREGULATORY_INTERACTIONS_BETWEEN_A_LYMPHOID_AND_A_NON_LYMPHOID_CELL	58	0.975202479752025	0.0248975102489751	0.0476952304769523	0.559415933406659	0.997900209979002
REACTOME_NFKB_IS_ACTIVATED_AND_SIGNALS_SURVIVAL	9	0.977502249775023	0.0225977402259774	0.117388261173883	0.52412178137025	0.997900209979002
REACTOME_METABOLISM_OF_AMINO_ACIDS_AND_DERIVATIVES	173	0.978502149785021	0.0215978402159784	0.243475652434757	0.517628237176282	0.997900209979002
REACTOME_ABCA_TRANSPORTERS_IN_LIPID_HOMEOSTASIS	15	0.978702129787021	0.0213978602139786	0.691130886911309	0.517628237176282	0.997900209979002
REACTOME_BETA_DEFENSINS	4	0.97990200979902	0.0201979802019798	0.0454954504549545	0.517628237176282	0.997900209979002
REACTOME_NEF_MEDIATED_DOWNREGULATION_OF_MHC_CLASS_I_COMPLEX_CELL_SURFACE_EXPRESSION	9	0.97990200979902	0.0201979802019798	0.204879512048795	0.517628237176282	0.997900209979002
REACTOME_INTERFERON_GAMMA_SIGNALING	58	0.98020197980202	0.0198980101989801	0.0722927707229277	0.517628237176282	0.997900209979002
REACTOME_SYNTHESIS_OF_BILE_ACIDS_AND_BILE_SALTS_VIA_7ALPHA_HYDROXYCHOLESTEROL	12	0.98030196980302	0.0197980201979802	0.809319068093191	0.517628237176282	0.997900209979002
REACTOME_DEFENSINS	5	0.980701929807019	0.0193980601939806	0.0440955904409559	0.517628237176282	0.997900209979002
REACTOME_SYNTHESIS_OF_BILE_ACIDS_AND_BILE_SALTS	15	0.981401859814019	0.0186981301869813	0.942805719428057	0.517628237176282	0.997900209979002
REACTOME_SULFUR_AMINO_ACID_METABOLISM	24	0.982501749825017	0.0175982401759824	0.0222977702229777	0.517628237176282	0.997900209979002
REACTOME_ETHANOL_OXIDATION	6	0.982901709829017	0.0171982801719828	0.0736926307369263	0.517628237176282	0.997900209979002
REACTOME_IKK_COMPLEX_RECRUITMENT_MEDIATED_BY_RIP1	10	0.983201679832017	0.0168983101689831	0.168583141685831	0.517628237176282	0.997900209979002
REACTOME_GLUTATHIONE_CONJUGATION	19	0.983501649835017	0.0165983401659834	0.44005599440056	0.517628237176282	0.997900209979002
REACTOME_PHASE1_FUNCTIONALIZATION_OF_COMPOUNDS	50	0.984901509849015	0.0151984801519848	0.333466653334667	0.517628237176282	0.997900209979002
REACTOME_ACYL_CHAIN_REMODELLING_OF_PI	9	0.986301369863014	0.0137986201379862	0.182781721827817	0.517628237176282	0.997900209979002
REACTOME_PHASE_II_CONJUGATION	43	0.986401359864014	0.0136986301369863	0.124587541245875	0.517628237176282	0.997900209979002
REACTOME_TRAFFICKING_AND_PROCESSING_OF_ENDOSOMAL_TLR	12	0.988201179882012	0.0118988101189881	0.0853914608539146	0.517628237176282	0.997900209979002
REACTOME_NFKB_ACTIVATION_THROUGH_FADD_RIP1_PATHWAY_MEDIATED_BY_CASPASE_8_AND10	12	0.988401159884012	0.0116988301169883	0.0190980901909809	0.517628237176282	0.997900209979002
REACTOME_NEGATIVE_REGULATORS_OF_RIG_I_MDA5_SIGNALING	30	0.989201079892011	0.0108989101089891	0.281071892810719	0.517628237176282	0.997900209979002
REACTOME_ACYL_CHAIN_REMODELLING_OF_PE	14	0.99000099990001	0.0100989901009899	0.143785621437856	0.517628237176282	0.997900209979002
REACTOME_BIOSYNTHESIS_OF_THE_N_GLYCAN_PRECURSOR_DOLICHOL_LIPID_LINKED_OLIGOSACCHARIDE_LLO_AND_TRANSFER_TO_A_NASCENT_PROTEIN	28	0.990700929907009	0.0093990600939906	0.332166783321668	0.517628237176282	0.997900209979002
REACTOME_LATENT_INFECTION_OF_HOMO_SAPIENS_WITH_MYCOBACTERIUM_TUBERCULOSIS	28	0.991100889911009	0.008999100089991	0.181481851814819	0.517628237176282	0.997900209979002
REACTOME_RIG_I_MDA5_MEDIATED_INDUCTION_OF_IFN_ALPHA_BETA_PATHWAYS	58	0.991700829917008	0.0083991600839916	0.0325967403259674	0.517628237176282	0.997900209979002
REACTOME_PASSIVE_TRANSPORT_BY_AQUAPORINS	8	0.991700829917008	0.0083991600839916	0.35046495350465	0.517628237176282	0.997900209979002
REACTOME_SYNTHESIS_OF_SUBSTRATES_IN_N_GLYCAN_BIOSYTHESIS	14	0.992000799920008	0.0080991900809919	0.171282871712829	0.517628237176282	0.997900209979002
REACTOME_RIP_MEDIATED_NFKB_ACTIVATION_VIA_DAI	17	0.992200779922008	0.0078992100789921	0.121187881211879	0.517628237176282	0.997900209979002
REACTOME_ACYL_CHAIN_REMODELLING_OF_PS	9	0.993700629937006	0.0063993600639936	0.0355964403559644	0.517628237176282	0.997900209979002
REACTOME_CHEMOKINE_RECEPTORS_BIND_CHEMOKINES	46	0.995000499950005	0.0050994900509949	0.044995500449955	0.517628237176282	0.997900209979002
REACTOME_METABOLISM_OF_PORPHYRINS	13	0.995500449955005	0.0045995400459954	0.076992300769923	0.517628237176282	0.997900209979002
REACTOME_BIOLOGICAL_OXIDATIONS	93	0.997000299970003	0.0030996900309969	0.157884211578842	0.517628237176282	0.997900209979002
REACTOME_ACTIVATION_OF_IRF3_IRF7_MEDIATED_BY_TBK1_IKK_EPSILON	13	0.997900209979002	0.0021997800219978	0.286971302869713	0.517628237176282	0.997900209979002
